lam flux_nu eflux_nu eflux_nu_lines eflux_nu_spread
10.000000000 0.035456219 0.125325041 0.125325041 0.468923365
20.000000000 0.035456219 0.125325041 0.125325041 0.468923365
30.000000000 0.035456219 0.125325041 0.125325041 0.468923365
40.000000000 0.035456219 0.125325041 0.125325041 0.468923365
50.000000000 0.035456219 0.125325041 0.125325041 0.468923365
60.000000000 0.035456219 0.125325041 0.125325041 0.468923365
70.000000000 0.035456219 0.125325041 0.125325041 0.468923365
80.000000000 0.035456219 0.125325041 0.125325041 0.468923365
90.000000000 0.035456219 0.125325041 0.125325041 0.468923365
100.000000000 0.035456219 0.125325041 0.125325041 0.468923365
110.000000000 0.035456219 0.125325041 0.125325041 0.468923365
120.000000000 0.035456219 0.125325041 0.125325041 0.468923365
130.000000000 0.035456219 0.125325041 0.125325041 0.468923365
140.000000000 0.035456219 0.125325041 0.125325041 0.468923365
150.000000000 0.035456219 0.125325041 0.125325041 0.468923365
160.000000000 0.035456219 0.125325041 0.125325041 0.468923365
170.000000000 0.035456219 0.125325041 0.125325041 0.468923365
180.000000000 0.035456219 0.125325041 0.125325041 0.468923365
190.000000000 0.035456219 0.125325041 0.125325041 0.468923365
200.000000000 0.035456219 0.125325041 0.125325041 0.468923365
210.000000000 0.035456219 0.125325041 0.125325041 0.468923365
220.000000000 0.035456219 0.125325041 0.125325041 0.468923365
230.000000000 0.035456219 0.125325041 0.125325041 0.468923365
240.000000000 0.035456219 0.125325041 0.125325041 0.468923365
250.000000000 0.035456219 0.125325041 0.125325041 0.468923365
260.000000000 0.035456219 0.125325041 0.125325041 0.468923365
270.000000000 0.035456219 0.125325041 0.125325041 0.468923365
280.000000000 0.035456219 0.125325041 0.125325041 0.468923365
290.000000000 0.035456219 0.125325041 0.125325041 0.468923365
300.000000000 0.035456219 0.125325041 0.125325041 0.468923365
310.000000000 0.035456219 0.125325041 0.125325041 0.468923365
320.000000000 0.035456219 0.125325041 0.125325041 0.468923365
330.000000000 0.035456219 0.125325041 0.125325041 0.468923365
340.000000000 0.035456219 0.125325041 0.125325041 0.468923365
350.000000000 0.035456219 0.125325041 0.125325041 0.468923365
360.000000000 0.035456219 0.125325041 0.125325041 0.468923365
370.000000000 0.035456219 0.125325041 0.125325041 0.468923365
380.000000000 0.035456219 0.125325041 0.125325041 0.468923365
390.000000000 0.035456219 0.125325041 0.125325041 0.468923365
400.000000000 0.035456219 0.125325041 0.125325041 0.468923365
410.000000000 0.035456219 0.125325041 0.125325041 0.468923365
420.000000000 0.035456219 0.125325041 0.125325041 0.468923365
430.000000000 0.035456219 0.125325041 0.125325041 0.468923365
440.000000000 0.035456219 0.125325041 0.125325041 0.468923365
450.000000000 0.035456219 0.125325041 0.125325041 0.468923365
460.000000000 0.035456219 0.125325041 0.125325041 0.468923365
470.000000000 0.035456219 0.125325041 0.125325041 0.468923365
480.000000000 0.035456219 0.125325041 0.125325041 0.468923365
490.000000000 0.035456219 0.125325041 0.125325041 0.468923365
500.000000000 0.035456219 0.125325041 0.125325041 0.468923365
510.000000000 0.035456219 0.125325041 0.125325041 0.468923365
520.000000000 0.035456219 0.125325041 0.125325041 0.468923365
530.000000000 0.035456219 0.125325041 0.125325041 0.468923365
540.000000000 0.035456219 0.125325041 0.125325041 0.468923365
550.000000000 0.035456219 0.125325041 0.125325041 0.468923365
560.000000000 0.035456219 0.125325041 0.125325041 0.468923365
570.000000000 0.035456219 0.125325041 0.125325041 0.468923365
580.000000000 0.035456219 0.125325041 0.125325041 0.468923365
590.000000000 0.035456219 0.125325041 0.125325041 0.468923365
600.000000000 0.035456219 0.125325041 0.125325041 0.468923365
610.000000000 0.035456219 0.125325041 0.125325041 0.468923365
620.000000000 0.035456219 0.125325041 0.125325041 0.468923365
630.000000000 0.035456219 0.125325041 0.125325041 0.468923365
640.000000000 0.035456219 0.125325041 0.125325041 0.468923365
650.000000000 0.035456219 0.125325041 0.125325041 0.468923365
660.000000000 0.035456219 0.125325041 0.125325041 0.468923365
670.000000000 0.035456219 0.125325041 0.125325041 0.468923365
680.000000000 0.035456219 0.125325041 0.125325041 0.468923365
690.000000000 0.035456219 0.125325041 0.125325041 0.468923365
700.000000000 0.035456219 0.125325041 0.125325041 0.468923365
710.000000000 0.035456219 0.125325041 0.125325041 0.468923365
720.000000000 0.035456219 0.125325041 0.125325041 0.468923365
730.000000000 0.035456219 0.125325041 0.125325041 0.468923365
740.000000000 0.035456219 0.125325041 0.125325041 0.468923365
750.000000000 0.035456219 0.125325041 0.125325041 0.468923365
760.000000000 0.035456219 0.125325041 0.125325041 0.468923365
770.000000000 0.035456219 0.125325041 0.125325041 0.468923365
780.000000000 0.035456219 0.125325041 0.125325041 0.468923365
790.000000000 0.035456219 0.125325041 0.125325041 0.468923365
800.000000000 0.035456219 0.125325041 0.125325041 0.468923365
810.000000000 0.035456219 0.125325041 0.125325041 0.468923365
820.000000000 0.035456219 0.125325041 0.125325041 0.468923365
830.000000000 0.035456219 0.125325041 0.125325041 0.468923365
840.000000000 0.035456219 0.125325041 0.125325041 0.468923365
850.000000000 0.035456219 0.125325041 0.125325041 0.468923365
860.000000000 0.035456219 0.125325041 0.125325041 0.468923365
870.000000000 0.035456219 0.125325041 0.125325041 0.468923365
880.000000000 0.035456219 0.125325041 0.125325041 0.468923365
890.000000000 0.035456219 0.125325041 0.125325041 0.468923365
900.000000000 0.035456219 0.125325041 0.125325041 0.468923365
910.000000000 0.035456219 0.125325041 0.125325041 0.468923365
920.000000000 0.035456219 0.125325041 0.125325041 0.468923365
930.000000000 0.035456219 0.125325041 0.125325041 0.468923365
940.000000000 0.035456219 0.125325041 0.125325041 0.468923365
950.000000000 0.035456219 0.125325041 0.125325041 0.468923365
960.000000000 0.035456219 0.125325041 0.125325041 0.468923365
970.000000000 0.035456219 0.125325041 0.125325041 0.468923365
980.000000000 0.035456219 0.125325041 0.125325041 0.468923365
990.000000000 0.035456219 0.125325041 0.125325041 0.468923365
1000.000000000 0.035456219 0.125325041 0.125325041 0.468923365
1010.000000000 0.035456219 0.125325041 0.125325041 0.468923365
1020.000000000 0.035456219 0.125325041 0.125325041 0.468923365
1030.000000000 0.035456219 0.125325041 0.125325041 0.468923365
1040.000000000 0.035456219 0.125325041 0.125325041 0.468923365
1050.000000000 0.035456219 0.125325041 0.125325041 0.468923365
1060.000000000 0.035456219 0.125325041 0.125325041 0.468923365
1070.000000000 0.035456219 0.125325041 0.125325041 0.468923365
1080.000000000 0.035456219 0.125325041 0.125325041 0.468923365
1090.000000000 0.035456219 0.125325041 0.125325041 0.468923365
1100.000000000 0.035456219 0.125325041 0.125325041 0.468923365
1110.000000000 0.035456219 0.125325041 0.125325041 0.468923365
1120.000000000 0.035456219 0.125325041 0.125325041 0.468923365
1130.000000000 0.035456219 0.125325041 0.125325041 0.468923365
1140.000000000 0.035456219 0.125325041 0.125325041 0.468923365
1150.000000000 0.035456219 0.125325041 0.125325041 0.468923365
1160.000000000 0.035456219 0.125325041 0.125325041 0.468923365
1170.000000000 0.035456219 0.125325041 0.125325041 0.468923365
1180.000000000 0.035456219 0.125325041 0.125325041 0.468923365
1190.000000000 0.035456219 0.125325041 0.125325041 0.468923365
1200.000000000 0.035456219 0.125325041 0.125325041 0.468923365
1210.000000000 0.035456219 0.125325041 0.125325041 0.468923365
1220.000000000 0.035456219 0.125325041 0.125325041 0.468923365
1230.000000000 0.035456219 0.125325041 0.125325041 0.468923365
1240.000000000 0.035456219 0.125325041 0.125325041 0.468923365
1250.000000000 0.035456219 0.125325041 0.125325041 0.468923365
1260.000000000 0.035456219 0.125325041 0.125325041 0.468923365
1270.000000000 0.035456219 0.125325041 0.125325041 0.468923365
1280.000000000 0.035456219 0.125325041 0.125325041 0.468923365
1290.000000000 0.035456219 0.125325041 0.125325041 0.468923365
1300.000000000 0.035456219 0.125325041 0.125325041 0.468923365
1310.000000000 0.035456219 0.125325041 0.125325041 0.468923365
1320.000000000 0.035456219 0.125325041 0.125325041 0.468923365
1330.000000000 0.035456219 0.125325041 0.125325041 0.468923365
1340.000000000 0.035456219 0.125325041 0.125325041 0.468923365
1350.000000000 0.035456219 0.125325041 0.125325041 0.468923365
1360.000000000 0.035456219 0.125325041 0.125325041 0.468923365
1370.000000000 0.035456219 0.125325041 0.125325041 0.468923365
1380.000000000 0.035456219 0.125325041 0.125325041 0.468923365
1390.000000000 0.035456219 0.125325041 0.125325041 0.468923365
1400.000000000 0.035456219 0.125325041 0.125325041 0.468923365
1410.000000000 0.035456219 0.125325041 0.125325041 0.468923365
1420.000000000 0.035456219 0.125325041 0.125325041 0.468923365
1430.000000000 0.035456219 0.125325041 0.125325041 0.468923365
1440.000000000 0.035456219 0.125325041 0.125325041 0.468923365
1450.000000000 0.035456219 0.125325041 0.125325041 0.468923365
1460.000000000 0.035456219 0.125325041 0.125325041 0.468923365
1470.000000000 0.035456219 0.125325041 0.125325041 0.468923365
1480.000000000 0.035456219 0.125325041 0.125325041 0.468923365
1490.000000000 0.035456219 0.125325041 0.125325041 0.468923365
1500.000000000 0.035456219 0.125325041 0.125325041 0.468923365
1510.000000000 0.035456219 0.125325041 0.125325041 0.468923365
1520.000000000 0.035456219 0.125325041 0.125325041 0.468923365
1530.000000000 0.035456219 0.125325041 0.125325041 0.468923365
1540.000000000 0.035456219 0.125325041 0.125325041 0.468923365
1550.000000000 0.035456219 0.125325041 0.125325041 0.468923365
1560.000000000 0.035456219 0.125325041 0.125325041 0.468923365
1570.000000000 0.035456219 0.125325041 0.125325041 0.468923365
1580.000000000 0.035456219 0.125325041 0.125325041 0.468923365
1590.000000000 0.035456219 0.125325041 0.125325041 0.468923365
1600.000000000 0.035456219 0.125325041 0.125325041 0.468923365
1610.000000000 0.035456219 0.125325041 0.125325041 0.468923365
1620.000000000 0.035456219 0.125325041 0.125325041 0.468923365
1630.000000000 0.035456219 0.125325041 0.125325041 0.468923365
1640.000000000 0.035456219 0.125325041 0.125325041 0.468923365
1650.000000000 0.035456219 0.125325041 0.125325041 0.468923365
1660.000000000 0.035456219 0.125325041 0.125325041 0.468923365
1670.000000000 0.035456219 0.125325041 0.125325041 0.468923365
1680.000000000 0.035456219 0.125325041 0.125325041 0.468923365
1690.000000000 0.035456219 0.125325041 0.125325041 0.468923365
1700.000000000 0.035456219 0.125325041 0.125325041 0.468923365
1710.000000000 0.035456219 0.125325041 0.125325041 0.468923365
1720.000000000 0.035456219 0.125325041 0.125325041 0.468923365
1730.000000000 0.035456219 0.125325041 0.125325041 0.468923365
1740.000000000 0.035456219 0.125325041 0.125325041 0.468923365
1750.000000000 0.035456219 0.125325041 0.125325041 0.468923365
1760.000000000 0.035456219 0.125325041 0.125325041 0.468923365
1770.000000000 0.035456219 0.125325041 0.125325041 0.468923365
1780.000000000 0.035456219 0.125325041 0.125325041 0.468923365
1790.000000000 0.035456219 0.125325041 0.125325041 0.468923365
1800.000000000 0.035456219 0.125325041 0.125325041 0.468923365
1810.000000000 0.035456219 0.125325041 0.125325041 0.468923365
1820.000000000 0.035456219 0.125325041 0.125325041 0.468923365
1830.000000000 0.035456219 0.125325041 0.125325041 0.468923365
1840.000000000 0.035456219 0.125325041 0.125325041 0.468923365
1850.000000000 0.035456219 0.125325041 0.125325041 0.468923365
1860.000000000 0.035456219 0.125325041 0.125325041 0.468923365
1870.000000000 0.035456219 0.125325041 0.125325041 0.468923365
1880.000000000 0.035456219 0.125325041 0.125325041 0.468923365
1890.000000000 0.035456219 0.125325041 0.125325041 0.468923365
1900.000000000 0.035456219 0.125325041 0.125325041 0.468923365
1910.000000000 0.035456219 0.125325041 0.125325041 0.468923365
1920.000000000 0.035456219 0.125325041 0.125325041 0.468923365
1930.000000000 0.035456219 0.125325041 0.125325041 0.468923365
1940.000000000 0.035456219 0.125325041 0.125325041 0.468923365
1950.000000000 0.035456219 0.125325041 0.125325041 0.468923365
1960.000000000 0.035456219 0.125325041 0.125325041 0.468923365
1970.000000000 0.035456219 0.125325041 0.125325041 0.468923365
1980.000000000 0.035456219 0.125325041 0.125325041 0.468923365
1990.000000000 0.035456219 0.125325041 0.125325041 0.468923365
2000.000000000 0.035456219 0.125325041 0.125325041 0.468923365
2010.000000000 0.035456219 0.125325041 0.125325041 0.468923365
2020.000000000 0.035456219 0.125325041 0.125325041 0.468923365
2030.000000000 0.035456219 0.125325041 0.125325041 0.468923365
2040.000000000 0.035456219 0.125325041 0.125325041 0.468923365
2050.000000000 0.035456219 0.125325041 0.125325041 0.468923365
2060.000000000 0.035456219 0.125325041 0.125325041 0.468923365
2070.000000000 0.035456219 0.125325041 0.125325041 0.468923365
2080.000000000 0.035456219 0.125325041 0.125325041 0.468923365
2090.000000000 0.035456219 0.125325041 0.125325041 0.468923365
2100.000000000 0.035456219 0.125325041 0.125325041 0.468923365
2110.000000000 0.035456219 0.125325041 0.125325041 0.468923365
2120.000000000 0.035456219 0.125325041 0.125325041 0.468923365
2130.000000000 0.035456219 0.125325041 0.125325041 0.468923365
2140.000000000 0.035456219 0.125325041 0.125325041 0.468923365
2150.000000000 0.035456219 0.125325041 0.125325041 0.468923365
2160.000000000 0.035456219 0.125325041 0.125325041 0.468923365
2170.000000000 0.035456219 0.125325041 0.125325041 0.468923365
2180.000000000 0.035456219 0.125325041 0.125325041 0.468923365
2190.000000000 0.035456219 0.125325041 0.125325041 0.468923365
2200.000000000 0.035456219 0.125325041 0.125325041 0.468923365
2210.000000000 0.035456219 0.125325041 0.125325041 0.468923365
2220.000000000 0.035456219 0.125325041 0.125325041 0.468923365
2230.000000000 0.035456219 0.125325041 0.125325041 0.468923365
2240.000000000 0.035456219 0.125325041 0.125325041 0.468923365
2250.000000000 0.035456219 0.125325041 0.125325041 0.468923365
2260.000000000 0.035456219 0.125325041 0.125325041 0.468923365
2270.000000000 0.035456219 0.125325041 0.125325041 0.468923365
2280.000000000 0.035456219 0.125325041 0.125325041 0.468923365
2290.000000000 0.035456219 0.125325041 0.125325041 0.468923365
2300.000000000 0.035456219 0.125325041 0.125325041 0.468923365
2310.000000000 0.035456219 0.125325041 0.125325041 0.468923365
2320.000000000 0.035456219 0.125325041 0.125325041 0.468923365
2330.000000000 0.035456219 0.125325041 0.125325041 0.468923365
2340.000000000 0.035456219 0.125325041 0.125325041 0.468923365
2350.000000000 0.035456219 0.125325041 0.125325041 0.468923365
2360.000000000 0.035456219 0.125325041 0.125325041 0.468923365
2370.000000000 0.035456219 0.125325041 0.125325041 0.468923365
2380.000000000 0.035456219 0.125325041 0.125325041 0.468923365
2390.000000000 0.035456219 0.125325041 0.125325041 0.468923365
2400.000000000 0.035456219 0.125325041 0.125325041 0.468923365
2410.000000000 0.035456219 0.125325041 0.125325041 0.468923365
2420.000000000 0.035456219 0.125325041 0.125325041 0.468923365
2430.000000000 0.035456219 0.125325041 0.125325041 0.468923365
2440.000000000 0.035456219 0.125325041 0.125325041 0.468923365
2450.000000000 0.035456219 0.125325041 0.125325041 0.468923365
2460.000000000 0.035456219 0.125325041 0.125325041 0.468923365
2470.000000000 0.035456219 0.125325041 0.125325041 0.468923365
2480.000000000 0.035456219 0.125325041 0.125325041 0.468923365
2490.000000000 0.035456219 0.125325041 0.125325041 0.468923365
2500.000000000 0.035456219 0.125325041 0.125325041 0.468923365
2510.000000000 0.035456219 0.125325041 0.125325041 0.468923365
2520.000000000 0.035456219 0.125325041 0.125325041 0.468923365
2530.000000000 0.035456219 0.125325041 0.125325041 0.468923365
2540.000000000 0.035456219 0.125325041 0.125325041 0.468923365
2550.000000000 0.035456219 0.125325041 0.125325041 0.468923365
2560.000000000 0.035456219 0.125325041 0.125325041 0.468923365
2570.000000000 0.035456219 0.125325041 0.125325041 0.468923365
2580.000000000 0.035456219 0.125325041 0.125325041 0.468923365
2590.000000000 0.035456219 0.125325041 0.125325041 0.468923365
2600.000000000 0.035456219 0.125325041 0.125325041 0.468923365
2610.000000000 0.035456219 0.125325041 0.125325041 0.468923365
2620.000000000 0.035456219 0.125325041 0.125325041 0.468923365
2630.000000000 0.035456219 0.125325041 0.125325041 0.468923365
2640.000000000 0.035456219 0.125325041 0.125325041 0.468923365
2650.000000000 0.035456219 0.125325041 0.125325041 0.468923365
2660.000000000 0.035456219 0.125325041 0.125325041 0.468923365
2670.000000000 0.035456219 0.125325041 0.125325041 0.468923365
2680.000000000 0.035456219 0.125325041 0.125325041 0.468923365
2690.000000000 0.035456219 0.125325041 0.125325041 0.468923365
2700.000000000 0.035456219 0.125325041 0.125325041 0.468923365
2710.000000000 0.035456219 0.125325041 0.125325041 0.468923365
2720.000000000 0.035456219 0.125325041 0.125325041 0.468923365
2730.000000000 0.035456219 0.125325041 0.125325041 0.468923365
2740.000000000 0.035456219 0.125325041 0.125325041 0.468923365
2750.000000000 0.035456219 0.125325041 0.125325041 0.468923365
2760.000000000 0.035456219 0.125325041 0.125325041 0.468923365
2770.000000000 0.035456219 0.125325041 0.125325041 0.468923365
2780.000000000 0.035456219 0.125325041 0.125325041 0.468923365
2790.000000000 0.035456219 0.125325041 0.125325041 0.468923365
2800.000000000 0.035456219 0.125325041 0.125325041 0.468923365
2810.000000000 0.035456219 0.125325041 0.125325041 0.468923365
2820.000000000 0.035456219 0.125325041 0.125325041 0.468923365
2830.000000000 0.035456219 0.125325041 0.125325041 0.468923365
2840.000000000 0.035456219 0.125325041 0.125325041 0.468923365
2850.000000000 0.035456219 0.125325041 0.125325041 0.468923365
2860.000000000 0.035456219 0.125325041 0.125325041 0.468923365
2870.000000000 0.035456219 0.125325041 0.125325041 0.468923365
2880.000000000 0.035456219 0.125325041 0.125325041 0.468923365
2890.000000000 0.035456219 0.125325041 0.125325041 0.468923365
2900.000000000 0.035456219 0.125325041 0.125325041 0.468923365
2910.000000000 0.035456219 0.125325041 0.125325041 0.468923365
2920.000000000 0.035456219 0.125325041 0.125325041 0.468923365
2930.000000000 0.035456219 0.125325041 0.125325041 0.468923365
2940.000000000 0.035456219 0.125325041 0.125325041 0.468923365
2950.000000000 0.035456219 0.125325041 0.125325041 0.468923365
2960.000000000 0.035456219 0.125325041 0.125325041 0.468923365
2970.000000000 0.035456219 0.125325041 0.125325041 0.468923365
2980.000000000 0.066661394 0.123952079 0.123952079 0.480064338
2990.000000000 0.053193491 0.164014594 0.164014594 0.656058378
3000.000000000 0.043128575 0.153986510 0.153986510 0.615946040
3010.000000000 0.035456219 0.116929600 0.116929600 0.467718400
3020.000000000 0.035456219 0.106199837 0.106199837 0.424799346
3030.000000000 0.025847000 0.106199837 0.106199837 0.424799346
3040.000000000 -0.006460278 0.106199837 0.106199837 0.424799346
3050.000000000 0.035456219 0.129563405 0.129563405 0.518253619
3060.000000000 0.035456219 0.146444471 0.146444471 0.585777884
3070.000000000 -0.006460278 0.146444471 0.146444471 0.585777884
3080.000000000 -0.006460278 0.146444471 0.146444471 0.585777884
3090.000000000 -0.017171598 0.111986771 0.111986771 0.461733286
3100.000000000 0.000913946 0.112827723 0.112827723 0.478687488
3110.000000000 0.025566273 0.112827723 0.112827723 0.478687488
3120.000000000 0.002874719 0.120888270 0.120888270 0.512885493
3130.000000000 -0.017171598 0.116442225 0.116442225 0.507559890
3140.000000000 0.004251043 0.106304795 0.106304795 0.463371857
3150.000000000 -0.014387681 0.107939740 0.107939740 0.470498420
3160.000000000 0.004251043 0.107834552 0.107834552 0.470039913
3170.000000000 0.004251043 0.107201191 0.107201191 0.467279160
3180.000000000 0.004251043 0.104478421 0.104478421 0.455410881
3190.000000000 0.004251043 0.093068385 0.093068385 0.405675684
3200.000000000 -0.017171598 0.097534330 0.097534330 0.425142289
3210.000000000 -0.014531710 0.097534330 0.097534330 0.425142289
3220.000000000 0.004251043 0.121659770 0.121659770 0.530302641
3230.000000000 0.018516239 0.126587858 0.126587858 0.551783680
3240.000000000 0.047266061 0.114215761 0.114215761 0.497854962
3250.000000000 0.049039788 0.122670191 0.122670191 0.534706964
3260.000000000 0.050813514 0.150641577 0.150641577 0.656631410
3270.000000000 0.004251043 0.151734278 0.151734278 0.661394385
3280.000000000 0.004251043 0.110138769 0.110138769 0.480083765
3290.000000000 0.004251043 0.106150255 0.106150255 0.462698235
3300.000000000 0.041915163 0.102981499 0.102981499 0.448885946
3310.000000000 0.004251043 0.101632646 0.101632646 0.443006433
3320.000000000 0.004251043 0.098014851 0.098014851 0.427236829
3330.000000000 0.004251043 0.107734990 0.107734990 0.469605932
3340.000000000 -0.009881946 0.115469992 0.115469992 0.503322024
3350.000000000 0.004251043 0.116746158 0.116746158 0.508884703
3360.000000000 0.020296639 0.092073185 0.092073185 0.411763801
3370.000000000 0.066661394 0.083265078 0.083265078 0.381568521
3380.000000000 0.066661394 0.088090446 0.088090446 0.403681136
3390.000000000 0.014780257 0.098716723 0.098716723 0.452376858
3400.000000000 0.004251043 0.097746313 0.097746313 0.447929878
3410.000000000 0.004251043 0.098716723 0.098716723 0.452376858
3420.000000000 0.004251043 0.098716723 0.098716723 0.452376858
3430.000000000 0.004251043 0.098183306 0.098183306 0.449932433
3440.000000000 -0.022826265 0.085213803 0.085213803 0.399688164
3450.000000000 -0.033491913 0.090447086 0.090447086 0.424234438
3460.000000000 -0.004732892 0.096232803 0.096232803 0.451371857
3470.000000000 0.013314807 0.098607942 0.098607942 0.462512247
3480.000000000 0.026372232 0.087285108 0.087285108 0.409403445
3490.000000000 -0.006460278 0.093423603 0.093423603 0.438195542
3500.000000000 -0.005655736 0.090508820 0.090508820 0.424523997
3510.000000000 -0.000949785 0.104858618 0.104858618 0.491830514
3520.000000000 0.027874957 0.098775369 0.098775369 0.463297546
3530.000000000 -0.008198451 0.088963854 0.088963854 0.417277462
3540.000000000 -0.042610176 0.078701817 0.078701817 0.377440656
3550.000000000 -0.043393317 0.091196797 0.091196797 0.437364475
3560.000000000 -0.017171598 0.097665912 0.097665912 0.468389260
3570.000000000 -0.044959598 0.093164814 0.093164814 0.446802754
3580.000000000 -0.022043014 0.087385623 0.087385623 0.428100373
3590.000000000 -0.001954606 0.095801655 0.095801655 0.469330345
3600.000000000 -0.006460278 0.087013513 0.087013513 0.426277418
3610.000000000 0.004251043 0.083376404 0.083376404 0.416882019
3620.000000000 0.025238535 0.086219163 0.086219163 0.431095815
3630.000000000 0.004251043 0.079174368 0.079174368 0.395871842
3640.000000000 0.004251043 0.071937245 0.071937245 0.359686224
3650.000000000 0.004251043 0.069203899 0.069203899 0.346019496
3660.000000000 -0.017171598 0.069203899 0.069203899 0.346019496
3670.000000000 -0.031472491 0.069203899 0.069203899 0.346019496
3680.000000000 -0.048994991 0.078180466 0.078180466 0.390902328
3690.000000000 -0.073073741 0.083934434 0.083934434 0.444139275
3700.000000000 -0.050857151 0.079966788 0.079966788 0.423144469
3710.000000000 -0.028871452 0.083483943 0.083483943 0.441755505
3720.000000000 -0.049683864 0.069263628 0.069263628 0.366508667
3730.000000000 -0.040413987 0.059099038 0.059099038 0.318258060
3740.000000000 -0.086507869 0.071648469 0.071648469 0.392434828
3750.000000000 -0.062346525 0.064867990 0.064867990 0.355296614
3760.000000000 -0.050325027 0.060149182 0.060149182 0.340255154
3770.000000000 -0.024234394 0.059856368 0.059856368 0.338598747
3780.000000000 -0.008497610 0.066039338 0.066039338 0.373574912
3790.000000000 0.005674197 0.073013469 0.073013469 0.419430447
3800.000000000 -0.004406951 0.081054459 0.081054459 0.465622417
3810.000000000 0.004251043 0.096091638 0.096091638 0.552004434
3820.000000000 0.048398599 0.073997483 0.073997483 0.425083180
3830.000000000 0.125565262 0.080708675 0.080708675 0.463636038
3840.000000000 0.117694548 0.069224068 0.069224068 0.403642209
3850.000000000 0.070459290 0.073776377 0.073776377 0.430186503
3860.000000000 0.015658950 0.082513977 0.082513977 0.481135029
3870.000000000 0.001103922 0.079314056 0.079314056 0.469228282
3880.000000000 0.002430694 0.070279974 0.070279974 0.415781932
3890.000000000 -0.035765010 0.064245574 0.064245574 0.385473443
3900.000000000 -0.034382955 0.057142130 0.057142130 0.342852783
3910.000000000 -0.003126061 0.065757327 0.065757327 0.394543960
3920.000000000 0.004251043 0.073084347 0.073084347 0.444554729
3930.000000000 0.037417814 0.067568065 0.067568065 0.421962431
3940.000000000 0.045758253 0.068928356 0.068928356 0.430457448
3950.000000000 0.004251043 0.054444446 0.054444446 0.340005454
3960.000000000 0.003700426 0.060408897 0.060408897 0.377253439
3970.000000000 -0.005127537 0.052716631 0.052716631 0.337551140
3980.000000000 -0.017171598 0.054031379 0.054031379 0.345969633
3990.000000000 -0.033835763 0.055610073 0.055610073 0.360394461
4000.000000000 -0.083824297 0.070137913 0.070137913 0.454545630
4010.000000000 -0.034272998 0.066381562 0.066381562 0.435293010
4020.000000000 -0.017171598 0.063645729 0.063645729 0.417352956
4030.000000000 -0.036613715 0.058427134 0.058427134 0.387561762
4040.000000000 -0.027356974 0.058219777 0.058219777 0.386186309
4050.000000000 -0.015126075 0.058891677 0.058891677 0.390643190
4060.000000000 -0.013043575 0.058056129 0.058056129 0.385100790
4070.000000000 -0.011318625 0.058449169 0.058449169 0.387707923
4080.000000000 -0.010851795 0.055672595 0.055672595 0.369290216
4090.000000000 -0.005456962 0.053465159 0.053465159 0.354647745
4100.000000000 -0.015524530 0.056636723 0.056636723 0.375685522
4110.000000000 -0.014458558 0.055424307 0.055424307 0.367643263
4120.000000000 -0.043291002 0.062630952 0.062630952 0.415446736
4130.000000000 -0.036600785 0.049348394 0.049348394 0.327340211
4140.000000000 -0.011129337 0.053700790 0.053700790 0.356210741
4150.000000000 0.007328411 0.061652474 0.061652474 0.408956250
4160.000000000 0.004689795 0.069165931 0.069165931 0.458794882
4170.000000000 -0.007245345 0.060501040 0.060501040 0.405853315
4180.000000000 -0.021001253 0.064754471 0.064754471 0.434386199
4190.000000000 -0.028693042 0.056219147 0.056219147 0.377129504
4200.000000000 -0.015125538 0.056701308 0.056701308 0.380363938
4210.000000000 -0.039424662 0.047848452 0.047848452 0.324523992
4220.000000000 -0.009434354 0.051231829 0.051231829 0.351227725
4230.000000000 -0.013443039 0.050128637 0.050128637 0.343664620
4240.000000000 -0.007338826 0.047041227 0.047041227 0.325911183
4250.000000000 -0.015789973 0.045272902 0.045272902 0.313659863
4260.000000000 -0.027045690 0.048488979 0.048488979 0.335941501
4270.000000000 0.000651271 0.039390460 0.039390460 0.275733221
4280.000000000 0.021903824 0.038705543 0.038705543 0.270938804
4290.000000000 0.026586332 0.037452970 0.037452970 0.264832488
4300.000000000 0.037384353 0.035110285 0.035110285 0.248267204
4310.000000000 0.045346003 0.036718020 0.036718020 0.259635608
4320.000000000 0.021423278 0.034034793 0.034034793 0.243057039
4330.000000000 0.006771672 0.045002519 0.045002519 0.321382268
4340.000000000 0.009681274 0.048030604 0.048030604 0.346353612
4350.000000000 0.004251043 0.055783020 0.055783020 0.406106518
4360.000000000 -0.015821562 0.051702012 0.051702012 0.379930646
4370.000000000 -0.041907512 0.052914179 0.052914179 0.388838216
4380.000000000 -0.021926318 0.040169114 0.040169114 0.295181497
4390.000000000 -0.021040800 0.042006236 0.042006236 0.308681532
4400.000000000 -0.016750262 0.051761987 0.051761987 0.380371371
4410.000000000 -0.028946963 0.061066481 0.061066481 0.448745156
4420.000000000 -0.012872845 0.055368373 0.055368373 0.406872785
4430.000000000 -0.008175664 0.053827627 0.053827627 0.395550662
4440.000000000 -0.016793409 0.055596617 0.055596617 0.408550029
4450.000000000 -0.003972795 0.053108620 0.053108620 0.390267063
4460.000000000 0.000885106 0.042889746 0.042889746 0.318078872
4470.000000000 -0.013283315 0.043099077 0.043099077 0.319631312
4480.000000000 0.005473147 0.036959295 0.036959295 0.276578038
4490.000000000 0.012772547 0.041858984 0.041858984 0.313243953
4500.000000000 0.008689584 0.038986560 0.038986560 0.291748704
4510.000000000 -0.006418143 0.059322824 0.059322824 0.443931365
4520.000000000 -0.003646166 0.059614541 0.059614541 0.446114372
4530.000000000 -0.012242922 0.062935457 0.062935457 0.470965838
4540.000000000 0.013910923 0.052321556 0.052321556 0.395019089
4550.000000000 0.026808825 0.044529161 0.044529161 0.339123985
4560.000000000 0.032762317 0.041908802 0.041908802 0.319167925
4570.000000000 0.069878049 0.046886544 0.046886544 0.357077284
4580.000000000 0.059071431 0.040270528 0.040270528 0.306691204
4590.000000000 0.063563966 0.040167900 0.040167900 0.305909616
4600.000000000 0.061313568 0.039106843 0.039106843 0.297828843
4610.000000000 0.032710246 0.042729156 0.042729156 0.328208878
4620.000000000 0.022561611 0.039059609 0.039059609 0.300022547
4630.000000000 -0.009546562 0.043221262 0.043221262 0.334790458
4640.000000000 -0.024088515 0.047133445 0.047133445 0.365094097
4650.000000000 -0.019528680 0.038705658 0.038705658 0.302300855
4660.000000000 -0.016856659 0.035125750 0.035125750 0.278801999
4670.000000000 -0.026230680 0.037404350 0.037404350 0.299234799
4680.000000000 -0.023612809 0.046837642 0.046837642 0.377617139
4690.000000000 -0.025281994 0.046231452 0.046231452 0.378420744
4700.000000000 -0.011970348 0.047167589 0.047167589 0.388953900
4710.000000000 0.001584806 0.046598499 0.046598499 0.384261064
4720.000000000 0.007400346 0.051516585 0.051516585 0.424816645
4730.000000000 0.039486060 0.046750475 0.046750475 0.388338614
4740.000000000 0.035092342 0.033981345 0.033981345 0.282270248
4750.000000000 -0.007263208 0.039280913 0.039280913 0.328647700
4760.000000000 -0.033707704 0.032119214 0.032119214 0.270641310
4770.000000000 -0.020909775 0.037097857 0.037097857 0.314785755
4780.000000000 -0.015246216 0.039635237 0.039635237 0.336316134
4790.000000000 -0.024099170 0.036143184 0.036143184 0.306685083
4800.000000000 0.001406522 0.037327022 0.037327022 0.316730288
4810.000000000 0.015915310 0.044320956 0.044320956 0.376075786
4820.000000000 0.015535189 0.045627045 0.045627045 0.395141800
4830.000000000 0.026501446 0.041759874 0.041759874 0.364054138
4840.000000000 0.085090264 0.046370551 0.046370551 0.404249093
4850.000000000 0.066892198 0.049449835 0.049449835 0.431093669
4860.000000000 0.048389277 0.040911168 0.040911168 0.356655295
4870.000000000 0.035327214 0.043238171 0.043238171 0.379413406
4880.000000000 0.026707799 0.040283517 0.040283517 0.355774389
4890.000000000 0.001884626 0.048683183 0.048683183 0.429958233
4900.000000000 0.003311349 0.054107069 0.054107069 0.477860691
4910.000000000 0.001743097 0.045625043 0.045625043 0.410625390
4920.000000000 -0.013915462 0.036983073 0.036983073 0.336931834
4930.000000000 0.000570045 0.038281310 0.038281310 0.350854005
4940.000000000 0.004421438 0.044199569 0.044199569 0.405095743
4950.000000000 0.001965152 0.048810180 0.048810180 0.447352685
4960.000000000 -0.001661150 0.038777942 0.038777942 0.357514957
4970.000000000 -0.000716858 0.036516513 0.036516513 0.338640211
4980.000000000 -0.001572845 0.041993174 0.041993174 0.389428671
4990.000000000 -0.017171598 0.032789209 0.032789209 0.305837381
5000.000000000 -0.017916422 0.036721822 0.036721822 0.344481224
5010.000000000 -0.012491687 0.038871748 0.038871748 0.364649323
5020.000000000 -0.018599740 0.040537713 0.040537713 0.386705133
5030.000000000 -0.017171598 0.043240054 0.043240054 0.412483825
5040.000000000 -0.017171598 0.044591721 0.044591721 0.425377908
5050.000000000 -0.017171598 0.039678215 0.039678215 0.378506051
5060.000000000 -0.016143115 0.041145343 0.041145343 0.394652270
5070.000000000 -0.017171598 0.039095745 0.039095745 0.377025708
5080.000000000 -0.024194527 0.042060193 0.042060193 0.414244861
5090.000000000 -0.013851454 0.042081084 0.042081084 0.422909658
5100.000000000 -0.015494493 0.043922459 0.043922459 0.445764273
5110.000000000 -0.017171598 0.047501335 0.047501335 0.482085898
5120.000000000 -0.015297605 0.048923802 0.048923802 0.498926842
5130.000000000 0.008709805 0.050851627 0.050851627 0.518586873
5140.000000000 0.020709109 0.050049448 0.050049448 0.515290603
5150.000000000 0.013494552 0.043097175 0.043097175 0.443712573
5160.000000000 0.001184447 0.047205845 0.047205845 0.486013916
5170.000000000 -0.000915213 0.042807070 0.042807070 0.440725763
5180.000000000 -0.027644090 0.041396639 0.041396639 0.426204483
5190.000000000 -0.061676339 0.037074953 0.037074953 0.383506301
5200.000000000 -0.013994275 0.039205022 0.039205022 0.405539896
5210.000000000 -0.003538831 0.037807573 0.037807573 0.394722646
5220.000000000 -0.000313384 0.039360046 0.039360046 0.412811641
5230.000000000 0.011590356 0.041378168 0.041378168 0.435946046
5240.000000000 0.004691563 0.044341215 0.044341215 0.469263311
5250.000000000 -0.005876326 0.035855257 0.035855257 0.382829380
5260.000000000 -0.027688505 0.032525199 0.032525199 0.350307113
5270.000000000 -0.009326861 0.032167164 0.032167164 0.346450961
5280.000000000 -0.028602562 0.037514433 0.037514433 0.404042812
5290.000000000 -0.021902454 0.038180693 0.038180693 0.411218647
5300.000000000 -0.003894643 0.035998996 0.035998996 0.392702689
5310.000000000 0.012214867 0.039444498 0.039444498 0.432092827
5320.000000000 0.036366225 0.037115227 0.037115227 0.408267499
5330.000000000 0.037645450 0.036426539 0.036426539 0.402344278
5340.000000000 0.043055774 0.035214433 0.035214433 0.390546954
5350.000000000 0.030202333 0.032088058 0.032088058 0.357317487
5360.000000000 0.025918640 0.034136972 0.034136972 0.381662949
5370.000000000 0.032637628 0.034957144 0.034957144 0.392392965
5380.000000000 0.039661787 0.031857942 0.031857942 0.359020770
5390.000000000 0.055203786 0.032049985 0.032049985 0.361184986
5400.000000000 0.066661394 0.033172705 0.033172705 0.373837401
5410.000000000 0.041607097 0.032030827 0.032030827 0.362387439
5420.000000000 0.028082545 0.031829828 0.031829828 0.364309035
5430.000000000 0.010464634 0.034591866 0.034591866 0.397430283
5440.000000000 -0.010621452 0.039428581 0.039428581 0.452999902
5450.000000000 -0.023608540 0.045623643 0.045623643 0.528131851
5460.000000000 -0.009951680 0.041350039 0.041350039 0.480444033
5470.000000000 -0.010005306 0.035858491 0.035858491 0.418178269
5480.000000000 -0.019511930 0.035056948 0.035056948 0.410331060
5490.000000000 -0.015701641 0.037066915 0.037066915 0.433857111
5500.000000000 -0.003033515 0.037548032 0.037548032 0.439488452
5510.000000000 0.002480020 0.036698949 0.036698949 0.434227821
5520.000000000 -0.004994510 0.035895336 0.035895336 0.427742298
5530.000000000 -0.001860920 0.036230947 0.036230947 0.436278375
5540.000000000 -0.006571420 0.037161208 0.037161208 0.447480201
5550.000000000 -0.014925454 0.034412425 0.034412425 0.414380475
5560.000000000 -0.050006649 0.032104958 0.032104958 0.386594892
5570.000000000 -0.058501650 0.031113873 0.031113873 0.374660646
5580.000000000 -0.066926858 0.025109832 0.025109832 0.304440533
5590.000000000 -0.068053998 0.027179647 0.027179647 0.330654672
5600.000000000 -0.048029893 0.031111479 0.031111479 0.379764005
5610.000000000 -0.031203817 0.033645618 0.033645618 0.414811035
5620.000000000 -0.028595921 0.033442561 0.033442561 0.413661639
5630.000000000 -0.015785588 0.036196467 0.036196467 0.452093729
5640.000000000 -0.017772435 0.035231326 0.035231326 0.445644935
5650.000000000 -0.014545925 0.034300681 0.034300681 0.436576388
5660.000000000 -0.026510791 0.032664738 0.032664738 0.415754233
5670.000000000 -0.020420937 0.033577843 0.033577843 0.428693202
5680.000000000 -0.017425755 0.038927647 0.038927647 0.501547644
5690.000000000 -0.006182468 0.038753203 0.038753203 0.502298916
5700.000000000 0.003886391 0.036381381 0.036381381 0.472957950
5710.000000000 0.013045792 0.036686499 0.036686499 0.482535557
5720.000000000 0.011790611 0.039045446 0.039045446 0.515044800
5730.000000000 -0.005078824 0.035764498 0.035764498 0.477157914
5740.000000000 -0.005623275 0.031172678 0.031172678 0.417062011
5750.000000000 -0.000541781 0.031222135 0.031222135 0.420050869
5760.000000000 0.001151541 0.033918977 0.033918977 0.456333168
5770.000000000 0.014024422 0.031152374 0.031152374 0.420268499
5780.000000000 0.000937322 0.027213026 0.027213026 0.369135441
5790.000000000 0.001497905 0.026774252 0.026774252 0.366132386
5800.000000000 0.002568713 0.030971183 0.030971183 0.424655470
5810.000000000 -0.006644340 0.030114156 0.030114156 0.414001193
5820.000000000 -0.035188671 0.028809852 0.028809852 0.397116406
5830.000000000 -0.031388303 0.031219324 0.031219324 0.432587638
5840.000000000 -0.030839209 0.031898973 0.031898973 0.444301288
5850.000000000 -0.045452889 0.031678869 0.031678869 0.445761201
5860.000000000 -0.043159144 0.033371062 0.033371062 0.474291910
5870.000000000 -0.059381592 0.031152778 0.031152778 0.443858761
5880.000000000 -0.086369467 0.031769512 0.031769512 0.453759390
5890.000000000 -0.070770799 0.031650029 0.031650029 0.453159457
5900.000000000 -0.048730199 0.029334996 0.029334996 0.422057102
5910.000000000 -0.030416875 0.026888108 0.026888108 0.390572325
5920.000000000 0.001084824 0.030003895 0.030003895 0.438919147
5930.000000000 -0.016650338 0.032163795 0.032163795 0.470515753
5940.000000000 0.001363177 0.033101418 0.033101418 0.487614335
5950.000000000 -0.004701699 0.032118030 0.032118030 0.473128125
5960.000000000 -0.017006038 0.031310590 0.031310590 0.464411103
5970.000000000 -0.013618779 0.030072180 0.030072180 0.455074667
5980.000000000 -0.017667376 0.029830861 0.029830861 0.451422841
5990.000000000 -0.024593805 0.029610452 0.029610452 0.448087448
6000.000000000 -0.030923290 0.028300480 0.028300480 0.429198032
6010.000000000 -0.026269749 0.030778245 0.030778245 0.467788827
6020.000000000 -0.021724576 0.030015326 0.030015326 0.460126233
6030.000000000 -0.015932675 0.031111401 0.031111401 0.477942412
6040.000000000 -0.012243723 0.029064741 0.029064741 0.446501018
6050.000000000 -0.015347830 0.026681193 0.026681193 0.413343266
6060.000000000 0.002122767 0.023009843 0.023009843 0.358687947
6070.000000000 -0.005419455 0.021824159 0.021824159 0.341602125
6080.000000000 -0.011077140 0.019863593 0.019863593 0.311548285
6090.000000000 -0.006797457 0.020795543 0.020795543 0.330773361
6100.000000000 -0.003875203 0.020788437 0.020788437 0.334558238
6110.000000000 -0.006686774 0.022344657 0.022344657 0.365114699
6120.000000000 0.007595886 0.024370925 0.024370925 0.398224197
6130.000000000 0.003769583 0.023443393 0.023443393 0.383784878
6140.000000000 -0.003862806 0.025878452 0.025878452 0.424438170
6150.000000000 0.002836772 0.024883859 0.024883859 0.410395109
6160.000000000 0.001864519 0.026187949 0.026187949 0.433487691
6170.000000000 -0.001135713 0.025891792 0.025891792 0.430146750
6180.000000000 0.004055141 0.024306162 0.024306162 0.405264704
6190.000000000 -0.009589643 0.029819536 0.029819536 0.498084456
6200.000000000 -0.013411398 0.028272623 0.028272623 0.473935517
6210.000000000 -0.007421606 0.026214466 0.026214466 0.445645923
6220.000000000 -0.013038996 0.025967184 0.025967184 0.441442125
6230.000000000 -0.026543171 0.026194600 0.026194600 0.446077964
6240.000000000 -0.036893418 0.025250119 0.025250119 0.432212411
6250.000000000 -0.039492859 0.022926854 0.022926854 0.394448518
6260.000000000 -0.024090050 0.022647964 0.022647964 0.391619914
6270.000000000 -0.028425058 0.024188707 0.024188707 0.419658379
6280.000000000 -0.030323357 0.023248399 0.023248399 0.405349692
6290.000000000 -0.037060276 0.024605398 0.024605398 0.429009767
6300.000000000 -0.015870311 0.024825666 0.024825666 0.434980801
6310.000000000 0.013514562 0.025264112 0.025264112 0.442663001
6320.000000000 0.003328268 0.023643788 0.023643788 0.414946793
6330.000000000 0.004276583 0.025307496 0.025307496 0.444144759
6340.000000000 0.004267207 0.023283504 0.023283504 0.410609068
6350.000000000 0.007673627 0.022088955 0.022088955 0.390168743
6360.000000000 0.008484778 0.024475494 0.024475494 0.432323423
6370.000000000 0.004727348 0.025389257 0.025389257 0.449898773
6380.000000000 -0.003696744 0.024918910 0.024918910 0.442266776
6390.000000000 0.000466188 0.024023037 0.024023037 0.427042848
6400.000000000 -0.008098679 0.025499359 0.025499359 0.454718703
6410.000000000 -0.008744143 0.024925339 0.024925339 0.445878028
6420.000000000 -0.005016356 0.023172429 0.023172429 0.416459541
6430.000000000 -0.007304397 0.021324367 0.021324367 0.383838604
6440.000000000 0.003532803 0.020638312 0.020638312 0.371489610
6450.000000000 -0.002416158 0.021338277 0.021338277 0.384088980
6460.000000000 -0.006979036 0.022000795 0.022000795 0.397843485
6470.000000000 -0.005994833 0.023135909 0.023135909 0.420284654
6480.000000000 -0.005020262 0.024153810 0.024153810 0.440765675
6490.000000000 0.003820872 0.023634099 0.023634099 0.431928920
6500.000000000 0.021387114 0.024254473 0.024254473 0.443929748
6510.000000000 0.022051393 0.023351336 0.023351336 0.428037052
6520.000000000 -0.006703079 0.022674815 0.022674815 0.416254265
6530.000000000 -0.004916790 0.021813101 0.021813101 0.400435313
6540.000000000 -0.001252205 0.022928710 0.022928710 0.421539213
6550.000000000 -0.002951567 0.021993592 0.021993592 0.403748688
6560.000000000 -0.005667231 0.022141013 0.022141013 0.407057564
6570.000000000 -0.004210539 0.021849250 0.021849250 0.402287352
6580.000000000 0.003823921 0.022181321 0.022181321 0.409003353
6590.000000000 0.009007507 0.021594656 0.021594656 0.399938624
6600.000000000 0.002178782 0.022312194 0.022312194 0.414430616
6610.000000000 0.007914443 0.022968192 0.022968192 0.429081244
6620.000000000 0.016380395 0.023434129 0.023434129 0.439663241
6630.000000000 0.017986172 0.021923874 0.021923874 0.414239404
6640.000000000 0.019836266 0.021973964 0.021973964 0.416347189
6650.000000000 0.019971239 0.020561532 0.020561532 0.390669111
6660.000000000 0.026519333 0.020128265 0.020128265 0.382437043
6670.000000000 0.026256229 0.020722071 0.020722071 0.395351924
6680.000000000 0.026944547 0.021330115 0.021330115 0.410847028
6690.000000000 0.003203611 0.020217809 0.020217809 0.389946988
6700.000000000 0.005202346 0.019382838 0.019382838 0.373842637
6710.000000000 -0.005052819 0.020508510 0.020508510 0.396615701
6720.000000000 0.009939137 0.022861258 0.022861258 0.443296232
6730.000000000 0.019900854 0.022449041 0.022449041 0.435881536
6740.000000000 0.014177873 0.021206443 0.021206443 0.414476122
6750.000000000 0.031907946 0.020621684 0.020621684 0.403574305
6760.000000000 0.018368834 0.021799752 0.021799752 0.426629554
6770.000000000 0.030289078 0.021654331 0.021654331 0.425440093
6780.000000000 0.014885782 0.021160218 0.021160218 0.417880819
6790.000000000 0.006714279 0.020743973 0.020743973 0.410709708
6800.000000000 0.005559907 0.021973411 0.021973411 0.435051334
6810.000000000 0.006813738 0.019995599 0.019995599 0.397404677
6820.000000000 0.017387050 0.020105321 0.020105321 0.400595677
6830.000000000 0.018678360 0.019722530 0.019722530 0.395435493
6840.000000000 0.013061470 0.019797902 0.019797902 0.397932912
6850.000000000 0.019406549 0.020921201 0.020921201 0.421031045
6860.000000000 0.025094427 0.020371437 0.020371437 0.413495007
6870.000000000 0.024787804 0.020378506 0.020378506 0.415141722
6880.000000000 0.035665396 0.020544918 0.020544918 0.419539094
6890.000000000 0.041856077 0.021464633 0.021464633 0.438845463
6900.000000000 0.042794253 0.020485340 0.020485340 0.420324025
6910.000000000 0.035812218 0.022060741 0.022060741 0.453185835
6920.000000000 0.043374391 0.022185143 0.022185143 0.456281023
6930.000000000 0.058173986 0.022449646 0.022449646 0.462266510
6940.000000000 0.051732577 0.022597692 0.022597692 0.466411114
6950.000000000 0.047489646 0.022850206 0.022850206 0.471622947
6960.000000000 0.058465221 0.023580916 0.023580916 0.486704625
6970.000000000 0.047684125 0.023771661 0.023771661 0.491217089
6980.000000000 0.039390900 0.022187834 0.022187834 0.459025477
6990.000000000 0.049337734 0.022092400 0.022092400 0.457051121
7000.000000000 0.051706480 0.021319599 0.021319599 0.441063291
7010.000000000 0.048160630 0.021015032 0.021015032 0.434254172
7020.000000000 0.039438889 0.021136850 0.021136850 0.436771419
7030.000000000 0.046722241 0.020563810 0.020563810 0.424930120
7040.000000000 0.031162711 0.019550125 0.019550125 0.403983362
7050.000000000 0.020403611 0.019689124 0.019689124 0.406855624
7060.000000000 0.022451170 0.018821911 0.018821911 0.388935566
7070.000000000 0.024751930 0.020109077 0.020109077 0.415533539
7080.000000000 0.014441465 0.019577911 0.019577911 0.404557527
7090.000000000 0.022205432 0.018546123 0.018546123 0.383236683
7100.000000000 0.033323464 0.019939788 0.019939788 0.412035353
7110.000000000 0.035919496 0.017795087 0.017795087 0.367717288
7120.000000000 0.028433697 0.019626819 0.019626819 0.405568154
7130.000000000 0.026999456 0.020022473 0.020022473 0.413743955
7140.000000000 0.027296529 0.020718025 0.020718025 0.428116823
7150.000000000 0.042850381 0.019094195 0.019094195 0.394562030
7160.000000000 0.045616154 0.018789227 0.018789227 0.388260170
7170.000000000 0.052779066 0.017950053 0.017950053 0.370919504
7180.000000000 0.057028685 0.018128273 0.018128273 0.374602247
7190.000000000 0.079691943 0.018520040 0.018520040 0.382697709
7200.000000000 0.088898098 0.018690115 0.018690115 0.386212126
7210.000000000 0.093050584 0.018481383 0.018481383 0.381898889
7220.000000000 0.093662927 0.018813023 0.018813023 0.388751893
7230.000000000 0.097176010 0.019729469 0.019729469 0.408166422
7240.000000000 0.092829986 0.019603805 0.019603805 0.405566662
7250.000000000 0.093155978 0.019738703 0.019738703 0.408357469
7260.000000000 0.099377305 0.018944788 0.018944788 0.391474680
7270.000000000 0.111637726 0.019546178 0.019546178 0.403901794
7280.000000000 0.099495978 0.019293275 0.019293275 0.398675816
7290.000000000 0.102203675 0.018225382 0.018225382 0.376608896
7300.000000000 0.097062135 0.019264474 0.019264474 0.398080680
7310.000000000 0.094006248 0.018609027 0.018609027 0.384536528
7320.000000000 0.085632977 0.018290235 0.018290235 0.378391325
7330.000000000 0.081896826 0.018809194 0.018809194 0.389127637
7340.000000000 0.086451128 0.018485654 0.018485654 0.382434192
7350.000000000 0.079738059 0.018065244 0.018065244 0.373736677
7360.000000000 0.084113854 0.017952807 0.017952807 0.371410558
7370.000000000 0.083484967 0.017657547 0.017657547 0.365302173
7380.000000000 0.077063133 0.016503979 0.016503979 0.341436979
7390.000000000 0.084306508 0.016170390 0.016170390 0.334535637
7400.000000000 0.084553548 0.016727586 0.016727586 0.346062982
7410.000000000 0.078664202 0.016560021 0.016560021 0.342596377
7420.000000000 0.074277808 0.017604447 0.017604447 0.364203635
7430.000000000 0.093463254 0.016798700 0.016798700 0.347534199
7440.000000000 0.100841579 0.016842948 0.016842948 0.348449618
7450.000000000 0.092815237 0.016136446 0.016136446 0.333833385
7460.000000000 0.098175147 0.016000086 0.016000086 0.331012354
7470.000000000 0.088581622 0.015940759 0.015940759 0.329784989
7480.000000000 0.081863926 0.016336001 0.016336001 0.337961815
7490.000000000 0.080473575 0.016820257 0.016820257 0.347980174
7500.000000000 0.075121119 0.018094202 0.018094202 0.373898189
7510.000000000 0.061254732 0.017904653 0.017904653 0.369981358
7520.000000000 0.059132748 0.017757550 0.017757550 0.366941634
7530.000000000 0.068814261 0.017756407 0.017756407 0.366918001
7540.000000000 0.074403545 0.018376524 0.018376524 0.379732098
7550.000000000 0.075193009 0.018342225 0.018342225 0.379023346
7560.000000000 0.074203237 0.018890347 0.018890347 0.390349713
7570.000000000 0.078192024 0.018795589 0.018795589 0.388391636
7580.000000000 0.067470586 0.018577999 0.018577999 0.383895361
7590.000000000 0.071534561 0.018045022 0.018045022 0.372881940
7600.000000000 0.071392198 0.017426262 0.017426262 0.360095895
7610.000000000 0.077050030 0.017300908 0.017300908 0.357505598
7620.000000000 0.081255132 0.017353868 0.017353868 0.358599962
7630.000000000 0.085205885 0.017219955 0.017219955 0.355832775
7640.000000000 0.085495756 0.017388411 0.017388411 0.359313747
7650.000000000 0.080217273 0.017315958 0.017315958 0.357816588
7660.000000000 0.087380612 0.017277964 0.017277964 0.357031468
7670.000000000 0.092321748 0.016792812 0.016792812 0.347006299
7680.000000000 0.082406744 0.017016914 0.017016914 0.351637150
7690.000000000 0.077639203 0.017296989 0.017296989 0.357424607
7700.000000000 0.086249958 0.017222778 0.017222778 0.356307609
7710.000000000 0.080935436 0.017590974 0.017590974 0.363924907
7720.000000000 0.079956272 0.016298615 0.016298615 0.337188378
7730.000000000 0.080027181 0.015989447 0.015989447 0.330405595
7740.000000000 0.078287797 0.015913059 0.015913059 0.328827100
7750.000000000 0.069654994 0.016406501 0.016406501 0.339023591
7760.000000000 0.078352136 0.016215556 0.016215556 0.335077895
7770.000000000 0.067964310 0.016887617 0.016887617 0.348965352
7780.000000000 0.072869089 0.017059895 0.017059895 0.352525290
7790.000000000 0.063004800 0.017155270 0.017155270 0.354496120
7800.000000000 0.058639023 0.017577569 0.017577569 0.363222511
7810.000000000 0.064311638 0.018252458 0.018252458 0.377168391
7820.000000000 0.061536367 0.019161225 0.019161225 0.395947134
7830.000000000 0.070762559 0.019198110 0.019198110 0.396709322
7840.000000000 0.080156189 0.019255936 0.019255936 0.397904240
7850.000000000 0.082215190 0.019113798 0.019113798 0.394967107
7860.000000000 0.074128724 0.018596973 0.018596973 0.384287442
7870.000000000 0.069802782 0.017727381 0.017727381 0.366318227
7880.000000000 0.079817008 0.016673246 0.016673246 0.344535604
7890.000000000 0.070363016 0.016783546 0.016783546 0.346814825
7900.000000000 0.076514635 0.017981028 0.017981028 0.371124236
7910.000000000 0.082574556 0.018289128 0.018289128 0.377483357
7920.000000000 0.089206628 0.017716941 0.017716941 0.365673538
7930.000000000 0.074843705 0.017459807 0.017459807 0.360366365
7940.000000000 0.069863125 0.017959206 0.017959206 0.370673838
7950.000000000 0.068386094 0.017485812 0.017485812 0.360903087
7960.000000000 0.064291850 0.017483243 0.017483243 0.360850064
7970.000000000 0.063238724 0.017573462 0.017573462 0.362712160
7980.000000000 0.073423426 0.016920358 0.016920358 0.349232247
7990.000000000 0.079797858 0.015953608 0.015953608 0.329278765
8000.000000000 0.085442208 0.015815372 0.015815372 0.326425605
8010.000000000 0.072059474 0.015567769 0.015567769 0.321315133
8020.000000000 0.074252142 0.015731336 0.015731336 0.324691112
8030.000000000 0.068861603 0.016229176 0.016229176 0.334966427
8040.000000000 0.060424867 0.015895583 0.015895583 0.328081127
8050.000000000 0.061639132 0.015022529 0.015022529 0.310061497
8060.000000000 0.053883878 0.015489966 0.015489966 0.319709291
8070.000000000 0.061438043 0.014706583 0.014706583 0.303540463
8080.000000000 0.060432662 0.014258493 0.014258493 0.294291975
8090.000000000 0.063449044 0.014382510 0.014382510 0.297199865
8100.000000000 0.063469765 0.014906487 0.014906487 0.308027318
8110.000000000 0.070379185 0.014672613 0.014672613 0.303194558
8120.000000000 0.058416113 0.015156345 0.015156345 0.313190381
8130.000000000 0.045374141 0.014072615 0.014072615 0.290796214
8140.000000000 0.040177938 0.014035039 0.014035039 0.290019738
8150.000000000 0.041039180 0.013568389 0.013568389 0.280376892
8160.000000000 0.042510652 0.013528652 0.013528652 0.279555774
8170.000000000 0.044605470 0.013655756 0.013655756 0.282182253
8180.000000000 0.032289926 0.012845462 0.012845462 0.265438338
8190.000000000 0.026530489 0.013621271 0.013621271 0.281469646
8200.000000000 0.031130296 0.013440232 0.013440232 0.277728670
8210.000000000 0.042172279 0.012720230 0.012720230 0.262850567
8220.000000000 0.043619739 0.013686209 0.013686209 0.283142498
8230.000000000 0.050993225 0.014455515 0.014455515 0.299058012
8240.000000000 0.057036839 0.014743569 0.014743569 0.305017334
8250.000000000 0.063757535 0.016448529 0.016448529 0.340289821
8260.000000000 0.061919999 0.017820363 0.017820363 0.368670547
8270.000000000 0.068253745 0.018925149 0.018925149 0.391526525
8280.000000000 0.086023475 0.019738574 0.019738574 0.408354788
8290.000000000 0.110774919 0.019533960 0.019533960 0.404121715
8300.000000000 0.121881240 0.020980122 0.020980122 0.434040134
8310.000000000 0.136928853 0.022178505 0.022178505 0.458832489
8320.000000000 0.135685988 0.024055431 0.024055431 0.497662618
8330.000000000 0.151439573 0.025281474 0.025281474 0.523027193
8340.000000000 0.175382554 0.026381514 0.026381514 0.545785002
8350.000000000 0.211034510 0.027753650 0.027753650 0.574171980
8360.000000000 0.212826847 0.030025045 0.030025045 0.621162955
8370.000000000 0.236442155 0.031181202 0.031181202 0.645081726
8380.000000000 0.255196449 0.033127605 0.033127605 0.685349226
8390.000000000 0.275965105 0.035320211 0.035320211 0.730710214
8400.000000000 0.313225295 0.035937677 0.035937677 0.743484448
8410.000000000 0.334084756 0.036465562 0.036465562 0.754405419
8420.000000000 0.358940001 0.036489863 0.036489863 0.754908158
8430.000000000 0.378276351 100000000000000000000.000000000 0.035758453 0.739776620
8440.000000000 0.406780737 100000000000000000000.000000000 0.036161693 0.748118921
8450.000000000 0.430865495 100000000000000000000.000000000 0.036243996 0.749821622
8460.000000000 0.443633771 100000000000000000000.000000000 0.035750366 0.739609323
8470.000000000 0.467460519 100000000000000000000.000000000 0.036188055 0.748664297
8480.000000000 0.504624109 100000000000000000000.000000000 0.036566755 0.756498910
8490.000000000 0.532210072 100000000000000000000.000000000 0.035510811 0.734653379
8500.000000000 0.567039988 100000000000000000000.000000000 0.033119177 0.685174868
8510.000000000 0.602459220 100000000000000000000.000000000 0.031780235 0.657474624
8520.000000000 0.614275214 100000000000000000000.000000000 0.030387998 0.628671788
8530.000000000 0.617748126 100000000000000000000.000000000 0.029033696 0.600653770
8540.000000000 0.656215777 100000000000000000000.000000000 0.028551849 0.590685242
8550.000000000 0.673653862 100000000000000000000.000000000 0.026943802 0.557417709
8560.000000000 0.691150959 100000000000000000000.000000000 0.026360808 0.545356633
8570.000000000 0.717555800 100000000000000000000.000000000 0.024345492 0.503663462
8580.000000000 0.712800258 100000000000000000000.000000000 0.023599232 0.488224707
8590.000000000 0.717061730 100000000000000000000.000000000 0.023014088 0.476119149
8600.000000000 0.713868777 100000000000000000000.000000000 0.022190214 0.459074714
8610.000000000 0.727063874 100000000000000000000.000000000 0.022261559 0.460550713
8620.000000000 0.727017561 100000000000000000000.000000000 0.021465901 0.444090005
8630.000000000 0.743960565 100000000000000000000.000000000 0.021724366 0.449437188
8640.000000000 0.738736006 100000000000000000000.000000000 0.019870046 0.411074698
8650.000000000 0.750865661 100000000000000000000.000000000 0.019663145 0.406794315
8660.000000000 0.758292086 100000000000000000000.000000000 0.019419332 0.401750275
8670.000000000 0.766134161 100000000000000000000.000000000 0.019193120 0.397070358
8680.000000000 0.761573394 100000000000000000000.000000000 0.018861571 0.390211209
8690.000000000 0.761074244 100000000000000000000.000000000 0.019072242 0.394569619
8700.000000000 0.762672204 100000000000000000000.000000000 0.018944570 0.391928304
8710.000000000 0.763036527 100000000000000000000.000000000 0.019201926 0.397252529
8720.000000000 0.776692676 100000000000000000000.000000000 0.019410160 0.401560517
8730.000000000 0.781406354 100000000000000000000.000000000 0.020206955 0.418044736
8740.000000000 0.794643640 100000000000000000000.000000000 0.019697648 0.407508115
8750.000000000 0.806500255 100000000000000000000.000000000 0.019148562 0.396148522
8760.000000000 0.817392572 100000000000000000000.000000000 0.019283305 0.398936110
8770.000000000 0.823531172 100000000000000000000.000000000 0.019726017 0.408095020
8780.000000000 0.812233657 100000000000000000000.000000000 0.019839032 0.410433079
8790.000000000 0.821483145 100000000000000000000.000000000 0.020137065 0.416598838
8800.000000000 0.829338482 100000000000000000000.000000000 0.019799196 0.409608959
8810.000000000 0.832623659 100000000000000000000.000000000 0.019564836 0.404760469
8820.000000000 0.832881108 100000000000000000000.000000000 0.019069874 0.394520611
8830.000000000 0.834208055 100000000000000000000.000000000 0.018358727 0.379808307
8840.000000000 0.846962730 100000000000000000000.000000000 0.017780302 0.367841745
8850.000000000 0.841501809 100000000000000000000.000000000 0.017227280 0.356400734
8860.000000000 0.836600725 100000000000000000000.000000000 0.016686142 0.345205592
8870.000000000 0.832192750 100000000000000000000.000000000 0.017319837 0.358315581
8880.000000000 0.843996665 100000000000000000000.000000000 0.017420172 0.360391313
8890.000000000 0.844499819 100000000000000000000.000000000 0.017761533 0.367453451
8900.000000000 0.849697331 100000000000000000000.000000000 0.018283975 0.378261817
8910.000000000 0.851940231 100000000000000000000.000000000 0.018353402 0.379698141
8920.000000000 0.838285505 100000000000000000000.000000000 0.017996558 0.372315679
8930.000000000 0.851678465 100000000000000000000.000000000 0.018282738 0.378236230
8940.000000000 0.855349657 100000000000000000000.000000000 0.018268976 0.377951514
8950.000000000 0.853437834 100000000000000000000.000000000 0.018051048 0.373442982
8960.000000000 0.852941261 100000000000000000000.000000000 0.018527689 0.383303807
8970.000000000 0.857595909 100000000000000000000.000000000 0.017965319 0.371669412
8980.000000000 0.854455983 100000000000000000000.000000000 0.017578698 0.363670935
8990.000000000 0.843945947 100000000000000000000.000000000 0.017388276 0.359731451
9000.000000000 0.838832360 100000000000000000000.000000000 0.017751848 0.367253078
9010.000000000 0.850573008 100000000000000000000.000000000 0.017239569 0.356654984
9020.000000000 0.861135362 100000000000000000000.000000000 0.017290463 0.357707890
9030.000000000 0.868322846 100000000000000000000.000000000 0.017667296 0.365503857
9040.000000000 0.866288822 100000000000000000000.000000000 0.017625073 0.364630336
9050.000000000 0.878597016 100000000000000000000.000000000 0.017696136 0.366100513
9060.000000000 0.875403107 100000000000000000000.000000000 0.017371575 0.359385946
9070.000000000 0.880749462 100000000000000000000.000000000 0.017572084 0.363534107
9080.000000000 0.887593574 100000000000000000000.000000000 0.017511501 0.362280745
9090.000000000 0.888566656 100000000000000000000.000000000 0.017294716 0.357795868
9100.000000000 0.887362675 100000000000000000000.000000000 0.017576561 0.363626726
9110.000000000 0.883632284 100000000000000000000.000000000 0.017438860 0.360777938
9120.000000000 0.890190783 100000000000000000000.000000000 0.017300532 0.357916181
9130.000000000 0.893838673 100000000000000000000.000000000 0.017695853 0.366094657
9140.000000000 0.888178403 100000000000000000000.000000000 0.017941155 0.371169506
9150.000000000 0.898092114 100000000000000000000.000000000 0.018383797 0.380326943
9160.000000000 0.906267106 100000000000000000000.000000000 0.018581404 0.384415083
9170.000000000 0.896089794 100000000000000000000.000000000 0.018319678 0.379000439
9180.000000000 0.893241721 100000000000000000000.000000000 0.018208560 0.376701623
9190.000000000 0.885068227 100000000000000000000.000000000 0.017609168 0.364301292
9200.000000000 0.876322378 100000000000000000000.000000000 0.017711011 0.366408249
9210.000000000 0.871891279 100000000000000000000.000000000 0.016972516 0.351130141
9220.000000000 0.872503449 100000000000000000000.000000000 0.016801834 0.347599034
9230.000000000 0.867903673 100000000000000000000.000000000 0.016137776 0.333860899
9240.000000000 0.873542885 100000000000000000000.000000000 0.016304306 0.337306112
9250.000000000 0.872022355 100000000000000000000.000000000 0.016900672 0.349643825
9260.000000000 0.867874504 100000000000000000000.000000000 0.017101528 0.353799164
9270.000000000 0.873243596 100000000000000000000.000000000 0.016788834 0.347330099
9280.000000000 0.878705890 100000000000000000000.000000000 0.016580492 0.343019891
9290.000000000 0.882954811 100000000000000000000.000000000 0.017149600 0.354793682
9300.000000000 0.881553352 100000000000000000000.000000000 0.017329818 0.358522060
9310.000000000 0.884008527 100000000000000000000.000000000 0.017052689 0.352788769
9320.000000000 0.887550796 100000000000000000000.000000000 0.017265612 0.357193767
9330.000000000 0.894040151 100000000000000000000.000000000 0.016927146 0.350191523
9340.000000000 0.897880805 100000000000000000000.000000000 0.016881615 0.349249576
9350.000000000 0.904592898 100000000000000000000.000000000 0.017139312 0.354580839
9360.000000000 0.913860886 100000000000000000000.000000000 0.016899756 0.349624877
9370.000000000 0.921007273 100000000000000000000.000000000 0.016810576 0.347779903
9380.000000000 0.926458714 100000000000000000000.000000000 0.017103741 0.353431341
9390.000000000 0.929093132 100000000000000000000.000000000 0.017373699 0.359009735
9400.000000000 0.935576230 100000000000000000000.000000000 0.017041039 0.352135666
9410.000000000 0.938926864 100000000000000000000.000000000 0.016584313 0.342697876
9420.000000000 0.946710149 100000000000000000000.000000000 0.016870450 0.348610607
9430.000000000 0.943645650 100000000000000000000.000000000 0.017246282 0.356376799
9440.000000000 0.945463789 100000000000000000000.000000000 0.017136238 0.354102855
9450.000000000 0.938717998 100000000000000000000.000000000 0.016849132 0.348170102
9460.000000000 0.947422064 100000000000000000000.000000000 0.017637482 0.364460552
9470.000000000 0.954888724 100000000000000000000.000000000 0.017677844 0.365294593
9480.000000000 0.957822008 100000000000000000000.000000000 0.017315453 0.357806152
9490.000000000 0.948569900 100000000000000000000.000000000 0.017636863 0.364447765
9500.000000000 0.954992704 100000000000000000000.000000000 0.018410131 0.380426556
9510.000000000 0.962672125 100000000000000000000.000000000 0.017791984 0.367653171
9520.000000000 0.956918497 100000000000000000000.000000000 0.017831068 0.368460803
9530.000000000 0.954496462 100000000000000000000.000000000 0.017257688 0.356612490
9540.000000000 0.952418482 100000000000000000000.000000000 0.017237325 0.356191715
9550.000000000 0.967301721 100000000000000000000.000000000 0.017292671 0.357335376
9560.000000000 0.956386224 100000000000000000000.000000000 0.017495596 0.361528614
9570.000000000 0.946954377 100000000000000000000.000000000 0.017422951 0.360027479
9580.000000000 0.953724256 100000000000000000000.000000000 0.017545455 0.362558900
9590.000000000 0.956021684 100000000000000000000.000000000 0.017277715 0.357026334
9600.000000000 0.956002606 100000000000000000000.000000000 0.016994581 0.351175656
9610.000000000 0.951551221 100000000000000000000.000000000 0.016873454 0.348672681
9620.000000000 0.948253195 100000000000000000000.000000000 0.016523512 0.341441493
9630.000000000 0.932547736 100000000000000000000.000000000 0.016427200 0.339451301
9640.000000000 0.948273256 100000000000000000000.000000000 0.016434042 0.339592687
9650.000000000 0.936715438 100000000000000000000.000000000 0.016625813 0.343555444
9660.000000000 0.934713171 100000000000000000000.000000000 0.016625584 0.343550701
9670.000000000 0.936887064 100000000000000000000.000000000 0.017214190 0.355713650
9680.000000000 0.933174226 100000000000000000000.000000000 0.017238546 0.356216938
9690.000000000 0.928482935 100000000000000000000.000000000 0.016051950 0.331697149
9700.000000000 0.936646275 100000000000000000000.000000000 0.016042397 0.331499734
9710.000000000 0.947236892 100000000000000000000.000000000 0.015200919 0.314111458
9720.000000000 0.947057272 100000000000000000000.000000000 0.015769488 0.325860352
9730.000000000 0.952260221 100000000000000000000.000000000 0.014858449 0.307034670
9740.000000000 0.961525363 100000000000000000000.000000000 0.014801576 0.305859447
9750.000000000 0.960163412 100000000000000000000.000000000 0.014628936 0.302292009
9760.000000000 0.967342534 100000000000000000000.000000000 0.014455078 0.298699411
9770.000000000 0.970885525 100000000000000000000.000000000 0.014440510 0.298398377
9780.000000000 0.961829658 100000000000000000000.000000000 0.014655290 0.302836587
9790.000000000 0.967393712 100000000000000000000.000000000 0.015039998 0.310786200
9800.000000000 0.964639438 100000000000000000000.000000000 0.015218556 0.314475917
9810.000000000 0.964276580 100000000000000000000.000000000 0.015832156 0.327155337
9820.000000000 0.967367237 100000000000000000000.000000000 0.015706231 0.324553214
9830.000000000 0.974352764 100000000000000000000.000000000 0.015914947 0.328866128
9840.000000000 0.974115536 100000000000000000000.000000000 0.015629771 0.322973244
9850.000000000 0.970198957 100000000000000000000.000000000 0.015463098 0.319529128
9860.000000000 0.975324152 100000000000000000000.000000000 0.015422904 0.318698550
9870.000000000 0.978379484 100000000000000000000.000000000 0.015835152 0.327217234
9880.000000000 0.984297709 100000000000000000000.000000000 0.015461524 0.319496589
9890.000000000 0.983738837 100000000000000000000.000000000 0.015965144 0.329903398
9900.000000000 0.993195824 100000000000000000000.000000000 0.015681136 0.324034659
9910.000000000 1.000877316 100000000000000000000.000000000 0.015206465 0.314226073
9920.000000000 1.002411347 100000000000000000000.000000000 0.015571244 0.322140395
9930.000000000 1.001041352 100000000000000000000.000000000 0.015519261 0.321064958
9940.000000000 0.993710635 100000000000000000000.000000000 0.015407386 0.318750490
9950.000000000 0.999025047 100000000000000000000.000000000 0.015676827 0.324324723
9960.000000000 0.994820227 100000000000000000000.000000000 0.015368135 0.317938450
9970.000000000 0.992555316 100000000000000000000.000000000 0.015615918 0.323064628
9980.000000000 0.990873623 100000000000000000000.000000000 0.015759250 0.326029891
9990.000000000 0.992454801 100000000000000000000.000000000 0.016144510 0.334000219
10000.000000000 0.993170604 100000000000000000000.000000000 0.016602498 0.343475142
10010.000000000 0.994676489 100000000000000000000.000000000 0.017218817 0.356225661
10020.000000000 0.990115937 100000000000000000000.000000000 0.016908504 0.349805855
10030.000000000 0.992941254 100000000000000000000.000000000 0.017245196 0.356771383
10040.000000000 0.986074917 100000000000000000000.000000000 0.017557640 0.363235274
10050.000000000 0.984720392 100000000000000000000.000000000 0.017154469 0.354894410
10060.000000000 0.986644646 100000000000000000000.000000000 0.016921125 0.350066957
10070.000000000 0.982205522 100000000000000000000.000000000 0.017349514 0.358929542
10080.000000000 0.988544334 100000000000000000000.000000000 0.016938147 0.350419100
10090.000000000 0.988523397 100000000000000000000.000000000 0.016821095 0.347997521
10100.000000000 0.989505930 100000000000000000000.000000000 0.016954396 0.350755282
10110.000000000 0.993427134 100000000000000000000.000000000 0.016225932 0.335684691
10120.000000000 0.994744385 100000000000000000000.000000000 0.016383005 0.338934252
10130.000000000 0.991764966 100000000000000000000.000000000 0.016817654 0.347926331
10140.000000000 0.985829192 100000000000000000000.000000000 0.016193182 0.335007155
10150.000000000 0.983825489 100000000000000000000.000000000 0.016050338 0.332051970
10160.000000000 0.985475441 100000000000000000000.000000000 0.015742449 0.325682326
10170.000000000 0.985122360 100000000000000000000.000000000 0.015532533 0.321339532
10180.000000000 0.982958482 100000000000000000000.000000000 0.015088537 0.312154073
10190.000000000 0.973971997 100000000000000000000.000000000 0.015137995 0.313177285
10200.000000000 0.981766088 100000000000000000000.000000000 0.014707342 0.304267863
10210.000000000 0.986487966 100000000000000000000.000000000 0.014465842 0.299271674
10220.000000000 0.988623353 100000000000000000000.000000000 0.014030241 0.290259882
10230.000000000 0.982220922 100000000000000000000.000000000 0.013917320 0.287923763
10240.000000000 0.983764693 100000000000000000000.000000000 0.013333902 0.275853915
10250.000000000 0.982051523 100000000000000000000.000000000 0.013830598 0.286129643
10260.000000000 0.985701220 100000000000000000000.000000000 0.014196743 0.293704505
10270.000000000 0.985456553 100000000000000000000.000000000 0.015099658 0.312384145
10280.000000000 0.980891205 100000000000000000000.000000000 0.014824566 0.306693004
10290.000000000 0.976819073 100000000000000000000.000000000 0.014683813 0.303781076
10300.000000000 0.975585722 100000000000000000000.000000000 0.014677862 0.303657966
10310.000000000 0.971388845 100000000000000000000.000000000 0.014614670 0.302350640
10320.000000000 0.969964949 100000000000000000000.000000000 0.014449838 0.298940569
10330.000000000 0.972895491 100000000000000000000.000000000 0.014202682 0.293827362
10340.000000000 0.984870341 100000000000000000000.000000000 0.013591256 0.281178093
10350.000000000 0.990390709 100000000000000000000.000000000 0.013830863 0.286135129
10360.000000000 0.987202147 100000000000000000000.000000000 0.013803891 0.285577127
10370.000000000 0.990942961 100000000000000000000.000000000 0.013694727 0.283318706
10380.000000000 0.994132590 100000000000000000000.000000000 0.013746130 0.284382148
10390.000000000 0.992541693 100000000000000000000.000000000 0.014258421 0.294635705
10400.000000000 0.993560372 100000000000000000000.000000000 0.014236377 0.294180190
10410.000000000 0.990449207 100000000000000000000.000000000 0.014437225 0.298330510
10420.000000000 0.995206459 0.014401277 0.014401277 0.297587685
10430.000000000 0.988757977 0.014308044 0.014308044 0.295661111
10440.000000000 0.987695794 0.013849821 0.013849821 0.286192411
10450.000000000 0.996099340 0.013089667 0.013089667 0.270484588
10460.000000000 1.002502253 0.013482782 0.013482782 0.278607917
10470.000000000 0.999991907 0.013540128 0.013540128 0.279465099
10480.000000000 0.993463716 0.013041107 0.013041107 0.269165423
10490.000000000 0.978192735 0.013568276 0.013568276 0.280046070
10500.000000000 0.979367033 0.013560525 0.013560525 0.279886088
10510.000000000 0.976630078 0.013571721 0.013571721 0.280117166
10520.000000000 0.977607859 0.012883152 0.012883152 0.265592984
10530.000000000 0.983943894 0.013084084 0.013084084 0.269735299
10540.000000000 0.981007551 0.013144579 0.013144579 0.270982448
10550.000000000 0.969790635 0.013331513 0.013331513 0.275159319
10560.000000000 0.976051040 0.013752523 0.013752523 0.283848881
10570.000000000 0.978074364 0.013856845 0.013856845 0.286002063
10580.000000000 0.976650709 0.014562893 0.014562893 0.300927300
10590.000000000 0.980160054 0.014346839 0.014346839 0.296462780
10600.000000000 0.987496666 0.014112465 0.014112465 0.291619672
10610.000000000 0.988449828 0.014386218 0.014386218 0.297276497
10620.000000000 0.993544611 0.014722606 0.014722606 0.304227617
10630.000000000 1.003383493 0.014988842 0.014988842 0.309729097
10640.000000000 1.005431522 0.015146856 0.015146856 0.312994294
10650.000000000 1.002270371 0.015207998 0.015207998 0.314257733
10660.000000000 1.007037449 0.015450201 0.015450201 0.319262627
10670.000000000 0.998782217 0.015573962 0.015573962 0.321820019
10680.000000000 1.011142148 0.015782063 0.015782063 0.326120214
10690.000000000 1.009299109 0.015761632 0.015761632 0.325698030
10700.000000000 1.006804910 0.015800067 0.015800067 0.326492235
10710.000000000 1.009547849 0.015123551 0.015123551 0.312512732
10720.000000000 1.019673299 0.014510679 0.014510679 0.299848360
10730.000000000 1.023741823 0.014754471 0.014754471 0.304886077
10740.000000000 1.022820348 0.014495793 0.014495793 0.299540748
10750.000000000 1.030665278 0.014720783 0.014720783 0.304189933
10760.000000000 1.036655575 0.014945337 0.014945337 0.308830115
10770.000000000 1.030529041 0.015587839 0.015587839 0.322106771
10780.000000000 1.025247960 0.015450656 0.015450656 0.319272025
10790.000000000 1.022093186 0.015588823 0.015588823 0.322127111
10800.000000000 1.020496572 0.015538836 0.015538836 0.321094165
10810.000000000 1.013528638 0.015101122 0.015101122 0.312049265
10820.000000000 1.016440754 0.014896623 0.014896623 0.307823502
10830.000000000 1.015502030 0.014449685 0.014449685 0.298587969
10840.000000000 1.018070666 0.014409955 0.014409955 0.297766995
10850.000000000 1.011125729 0.014548678 0.014548678 0.300633557
10860.000000000 1.015117554 0.014863026 0.014863026 0.307129238
10870.000000000 1.015855063 0.014319546 0.014319546 0.295898781
10880.000000000 1.016692546 0.014024038 0.014024038 0.289792411
10890.000000000 1.012696855 0.014205586 0.014205586 0.293543929
10900.000000000 1.007607364 0.014273922 0.014273922 0.294956011
10910.000000000 1.009508272 0.013605369 0.013605369 0.281141055
10920.000000000 1.005001725 0.013517075 0.013517075 0.279316545
10930.000000000 0.998455646 0.012925198 0.012925198 0.267398574
10940.000000000 1.000537660 0.012941353 0.012941353 0.267732783
10950.000000000 1.000656828 0.012689817 0.012689817 0.262528980
10960.000000000 0.999278064 0.012399090 0.012399090 0.256514360
10970.000000000 1.000530476 0.012362874 0.012362874 0.255765133
10980.000000000 0.999781837 0.012496970 0.012496970 0.258539316
10990.000000000 0.995964874 0.013317061 0.013317061 0.275505507
11000.000000000 1.000133547 0.013850033 0.013850033 0.286531719
11010.000000000 0.994309717 0.013206425 0.013206425 0.272897270
11020.000000000 0.997524926 0.013376950 0.013376950 0.276421010
11030.000000000 0.994932172 0.012963626 0.012963626 0.267880094
11040.000000000 0.991301485 0.012823180 0.012823180 0.264977904
11050.000000000 0.988751775 0.013058882 0.013058882 0.269848458
11060.000000000 0.987637742 0.013499419 0.013499419 0.279278157
11070.000000000 0.987995821 0.013643310 0.013643310 0.282254990
11080.000000000 0.987140397 0.014090337 0.014090337 0.291503156
11090.000000000 0.993064286 0.014160677 0.014160677 0.292958358
11100.000000000 0.993684691 0.014684992 0.014684992 0.303805480
11110.000000000 0.995101986 0.015358832 0.015358832 0.317745988
11120.000000000 0.993705938 0.014970943 0.014970943 0.309721278
11130.000000000 0.996501728 0.015120877 0.015120877 0.312823140
11140.000000000 1.000526412 0.014741773 0.014741773 0.304980180
11150.000000000 1.004261122 0.014457311 0.014457311 0.298745553
11160.000000000 1.002533130 0.014190827 0.014190827 0.293238934
11170.000000000 1.005155099 0.013679923 0.013679923 0.282681628
11180.000000000 1.008453550 0.012975514 0.012975514 0.268125731
11190.000000000 1.007577794 0.012504687 0.012504687 0.258396576
11200.000000000 1.006496099 0.012782488 0.012782488 0.264137063
11210.000000000 1.006449513 0.013045599 0.013045599 0.269573983
11220.000000000 1.016793677 0.013099126 0.013099126 0.270680056
11230.000000000 1.025957288 0.013321661 0.013321661 0.275278512
11240.000000000 1.036645611 0.012657451 0.012657451 0.261553300
11250.000000000 1.037870349 0.012866771 0.012866771 0.265878682
11260.000000000 1.036124043 0.012966492 0.012966492 0.267939301
11270.000000000 1.040792524 0.012935591 0.012935591 0.267300779
11280.000000000 1.038297466 0.012327249 0.012327249 0.254730007
11290.000000000 1.039541185 0.012394508 0.012394508 0.256119847
11300.000000000 1.047327273 0.012600316 0.012600316 0.260372648
11310.000000000 1.049513087 0.012527060 0.012527060 0.258858892
11320.000000000 1.049592237 0.012435927 0.012435927 0.256975732
11330.000000000 1.050245632 0.012509379 0.012509379 0.258493532
11340.000000000 1.048963751 0.012286882 0.012286882 0.253895869
11350.000000000 1.051097054 0.012561421 0.012561421 0.259568938
11360.000000000 1.051923204 0.012795184 0.012795184 0.264399397
11370.000000000 1.055446950 0.012842648 0.012842648 0.265380193
11380.000000000 1.056831018 0.012579320 0.012579320 0.259938796
11390.000000000 1.070118897 0.012596086 0.012596086 0.260285248
11400.000000000 1.075032748 0.012824801 0.012824801 0.265011408
11410.000000000 1.077977840 0.012539982 0.012539982 0.259125912
11420.000000000 1.077761136 0.013001836 0.013001836 0.268669663
11430.000000000 1.079445031 0.013240688 0.013240688 0.273605300
11440.000000000 1.084345271 0.013201565 0.013201565 0.272477229
11450.000000000 1.088049615 0.013774150 0.013774150 0.284295259
11460.000000000 1.086232112 0.013762338 0.013762338 0.284051447
11470.000000000 1.092617903 0.013717549 0.013717549 0.283127027
11480.000000000 1.089241065 0.013802854 0.013802854 0.284887687
11490.000000000 1.080977484 0.013692217 0.013692217 0.282604181
11500.000000000 1.081763571 0.013217865 0.013217865 0.272813654
11510.000000000 1.078981543 0.013407546 0.013407546 0.276728627
11520.000000000 1.080559664 0.013574706 0.013574706 0.280178767
11530.000000000 1.076804343 0.013698590 0.013698590 0.282735702
11540.000000000 1.074847428 0.013460149 0.013460149 0.277814339
11550.000000000 1.070863176 0.013476523 0.013476523 0.278152308
11560.000000000 1.064906362 0.013436383 0.013436383 0.277323815
11570.000000000 1.057897331 0.012934956 0.012934956 0.266974478
11580.000000000 1.044368740 0.012893647 0.012893647 0.266121868
11590.000000000 1.040482984 0.012402242 0.012402242 0.255979395
11600.000000000 1.036009858 0.012223815 0.012223815 0.252296704
11610.000000000 1.034745173 0.012161198 0.012161198 0.251004297
11620.000000000 1.033060513 0.012409182 0.012409182 0.256122628
11630.000000000 1.029947210 0.012517254 0.012517254 0.258353203
11640.000000000 1.037523911 0.012504948 0.012504948 0.258099226
11650.000000000 1.036854981 0.012579207 0.012579207 0.259631902
11660.000000000 1.036823066 0.012213056 0.012213056 0.252074633
11670.000000000 1.029287378 0.011932409 0.011932409 0.246282145
11680.000000000 1.031627407 0.012188058 0.012188058 0.251558691
11690.000000000 1.024096185 0.012307313 0.012307313 0.254020081
11700.000000000 1.016255290 0.012333610 0.012333610 0.254562834
11710.000000000 1.017958864 0.012630386 0.012630386 0.260688223
11720.000000000 1.017199704 0.012261710 0.012261710 0.253078844
11730.000000000 1.019489308 0.012415019 0.012415019 0.256243098
11740.000000000 1.011351832 0.012507174 0.012507174 0.258145169
11750.000000000 1.008231790 0.011985663 0.011985663 0.247381288
11760.000000000 1.006082061 0.012517170 0.012517170 0.258351473
11770.000000000 1.002703880 0.012453543 0.012453543 0.257038231
11780.000000000 0.998531966 0.011944476 0.011944476 0.246531198
11790.000000000 0.998182086 0.012154715 0.012154715 0.250870484
11800.000000000 0.994838238 0.012093745 0.012093745 0.249612094
11810.000000000 0.996611074 0.012176031 0.012176031 0.251310445
11820.000000000 0.993389027 0.012234987 0.012234987 0.252527277
11830.000000000 0.986287930 0.012176343 0.012176343 0.251316893
11840.000000000 0.978995707 0.012002688 0.012002688 0.247732681
11850.000000000 0.977773316 0.012260211 0.012260211 0.253047908
11860.000000000 0.976946824 0.012312951 0.012312951 0.254136438
11870.000000000 0.974730005 0.012756223 0.012756223 0.263285471
11880.000000000 0.980266141 0.012293935 0.012293935 0.253743956
11890.000000000 0.978211219 0.012207688 0.012207688 0.251963842
11900.000000000 0.977756197 0.011890114 0.011890114 0.245697049
11910.000000000 0.980981286 0.011822327 0.011822327 0.244296311
11920.000000000 0.988762198 0.011823573 0.011823573 0.244322051
11930.000000000 0.988225666 0.011819191 0.011819191 0.244231499
11940.000000000 0.990136122 0.011561851 0.011561851 0.238913841
11950.000000000 0.991714672 0.011777310 0.011777310 0.243366080
11960.000000000 0.989270874 0.011754480 0.011754480 0.242894319
11970.000000000 0.993135234 0.012230578 0.012230578 0.252732404
11980.000000000 0.988157870 0.011968491 0.011968491 0.247316638
11990.000000000 0.991313219 0.012016161 0.012016161 0.248301695
12000.000000000 0.989474793 0.011988750 0.011988750 0.247735274
12010.000000000 0.994117715 0.011816705 0.011816705 0.244180133
12020.000000000 1.001392301 0.011963435 0.011963435 0.247212166
12030.000000000 1.004529074 0.011949532 0.011949532 0.246924869
12040.000000000 0.998974023 0.012024291 0.012024291 0.248469696
12050.000000000 0.991740747 0.012552976 0.012552976 0.259394429
12060.000000000 0.993287929 0.012525502 0.012525502 0.258826693
12070.000000000 0.994288562 0.012195567 0.012195567 0.252008923
12080.000000000 1.003232416 0.012371478 0.012371478 0.255643944
12090.000000000 1.001158533 0.012328412 0.012328412 0.254754043
12100.000000000 0.998615879 0.011987494 0.011987494 0.247709322
12110.000000000 0.999033341 0.012314124 0.012314124 0.254458790
12120.000000000 0.998485441 0.012558356 0.012558356 0.259505605
12130.000000000 1.001251830 0.012442193 0.012442193 0.257105213
12140.000000000 1.000563032 0.012270064 0.012270064 0.253548337
12150.000000000 1.002253949 0.012919244 0.012919244 0.266962983
12160.000000000 0.998083533 0.012497080 0.012497080 0.258239382
12170.000000000 1.001779946 0.012732380 0.012732380 0.263101620
12180.000000000 1.002838543 0.012684036 0.012684036 0.262102653
12190.000000000 1.010589483 0.012811916 0.012811916 0.264745160
12200.000000000 1.005098021 0.012422156 0.012422156 0.256691164
12210.000000000 1.007876550 0.012205537 0.012205537 0.252214958
12220.000000000 1.007788817 0.012544103 0.012544103 0.259211066
12230.000000000 0.998583229 0.012213374 0.012213374 0.252376905
12240.000000000 1.001303809 0.012340876 0.012340876 0.255011587
12250.000000000 0.995958694 0.012473160 0.012473160 0.257745113
12260.000000000 0.995348480 0.012634749 0.012634749 0.260778291
12270.000000000 0.997554093 0.012654183 0.012654183 0.261179388
12280.000000000 0.998305143 0.012785948 0.012785948 0.263898984
12290.000000000 1.001276914 0.012718764 0.012718764 0.262512341
12300.000000000 0.998684640 0.012927415 0.012927415 0.266818832
12310.000000000 1.000556022 0.013056337 0.013056337 0.269479756
12320.000000000 0.998410605 0.012895264 0.012895264 0.266155244
12330.000000000 0.993893513 0.012965190 0.012965190 0.267598502
12340.000000000 0.991072160 0.012964237 0.012964237 0.267578842
12350.000000000 0.997690660 0.013287889 0.013287889 0.274258944
12360.000000000 1.002474233 0.013380175 0.013380175 0.276163695
12370.000000000 0.999685949 0.013509449 0.013509449 0.278831890
12380.000000000 0.992306251 0.013133392 0.013133392 0.271070151
12390.000000000 0.989015837 0.013560764 0.013560764 0.279891013
12400.000000000 0.990104918 0.013433952 0.013433952 0.277273636
12410.000000000 0.995668440 0.012601028 0.012601028 0.260082294
12420.000000000 0.992427605 0.012579280 0.012579280 0.259633417
12430.000000000 0.990594310 0.012427260 0.012427260 0.256495754
12440.000000000 0.989040486 0.012656265 0.012656265 0.261222364
12450.000000000 0.987794159 0.013015928 0.013015928 0.268645717
12460.000000000 0.993064566 0.012889817 0.012889817 0.266042815
12470.000000000 0.993878258 0.012774630 0.012774630 0.263665398
12480.000000000 0.997021475 0.013465252 0.013465252 0.277919674
12490.000000000 0.987200697 0.012979022 0.012979022 0.267883990
12500.000000000 0.986252552 0.012591038 0.012591038 0.259876099
12510.000000000 0.987350591 0.012831563 0.012831563 0.264840469
12520.000000000 0.993414959 0.013345542 0.013345542 0.275448873
12530.000000000 0.997081699 0.013451820 0.013451820 0.277642444
12540.000000000 0.999964119 0.013068974 0.013068974 0.269740591
12550.000000000 0.999961971 0.013046184 0.013046184 0.269270197
12560.000000000 0.994681196 0.012402142 0.012402142 0.255977317
12570.000000000 0.994780068 0.012273669 0.012273669 0.253325678
12580.000000000 0.990070375 0.012861778 0.012861778 0.265464103
12590.000000000 0.994982908 0.013126959 0.013126959 0.270937386
12600.000000000 0.993087377 0.013175521 0.013175521 0.271939693
12610.000000000 0.990404460 0.013435112 0.013435112 0.277297584
12620.000000000 0.993179945 0.013326178 0.013326178 0.274726194
12630.000000000 0.992341102 0.013405153 0.013405153 0.276354308
12640.000000000 0.990387789 0.013497827 0.013497827 0.278264827
12650.000000000 0.993007122 0.013518548 0.013518548 0.278692013
12660.000000000 0.989356463 0.013811408 0.013811408 0.284729478
12670.000000000 0.986688608 0.014058666 0.014058666 0.289826830
12680.000000000 0.994623157 0.013979106 0.013979106 0.288186662
12690.000000000 0.989879172 0.013997889 0.013997889 0.288573874
12700.000000000 0.984515838 0.013995840 0.013995840 0.288531634
12710.000000000 0.981546557 0.014314554 0.014314554 0.295102089
12720.000000000 0.980850602 0.014717101 0.014717101 0.303400810
12730.000000000 0.982093719 0.014920107 0.014920107 0.307585889
12740.000000000 0.977892783 0.014613293 0.014613293 0.301260749
12750.000000000 0.966090389 0.014759445 0.014759445 0.304273745
12760.000000000 0.964099474 0.015143268 0.015143268 0.312186463
12770.000000000 0.967253016 0.015175152 0.015175152 0.312843783
12780.000000000 0.969618017 0.014744994 0.014744994 0.303975835
12790.000000000 0.975291442 0.014349680 0.014349680 0.295826231
12800.000000000 0.969351380 0.014293963 0.014293963 0.294677595
12810.000000000 0.972766746 0.014480376 0.014480376 0.298520607
12820.000000000 0.967030620 0.013969734 0.013969734 0.287654426
12830.000000000 0.975077057 0.013799743 0.013799743 0.284154103
12840.000000000 0.977079246 0.014155602 0.014155602 0.291481680
12850.000000000 0.975251026 0.014350988 0.014350988 0.295504920
12860.000000000 0.970429005 0.013789440 0.013789440 0.283941938
12870.000000000 0.973739511 0.014244545 0.014244545 0.293313139
12880.000000000 0.975583493 0.014060673 0.014060673 0.289526984
12890.000000000 0.974382476 0.013944457 0.013944457 0.287133935
12900.000000000 0.974309236 0.013869831 0.013869831 0.285597297
12910.000000000 0.978978787 0.014180595 0.014180595 0.291996327
12920.000000000 0.981122071 0.014315585 0.014315585 0.294775947
12930.000000000 0.975194012 0.014461102 0.014461102 0.297772319
12940.000000000 0.974201520 0.014063831 0.014063831 0.289592012
12950.000000000 0.976482408 0.013973815 0.013973815 0.287738456
12960.000000000 0.978994201 0.014025242 0.014025242 0.288797414
12970.000000000 0.987167181 0.013923569 0.013923569 0.286703842
12980.000000000 0.996421857 0.014092401 0.014092401 0.290180297
12990.000000000 1.003089660 0.014069288 0.014069288 0.289704376
13000.000000000 1.009272570 0.014032929 0.014032929 0.288955687
13010.000000000 1.016197718 0.013975464 0.013975464 0.287772422
13020.000000000 1.019590459 0.014142353 0.014142353 0.291208879
13030.000000000 1.022368767 0.014350758 0.014350758 0.295500196
13040.000000000 1.028249716 0.014273271 0.014273271 0.294251011
13050.000000000 1.035082792 0.014182038 0.014182038 0.292370214
13060.000000000 1.042697595 0.013275510 0.013275510 0.273681651
13070.000000000 1.050340829 0.013192571 0.013192571 0.271971814
13080.000000000 1.056565045 0.013597835 0.013597835 0.280326560
13090.000000000 1.061699333 0.013786991 0.013786991 0.284226103
13100.000000000 1.067225440 0.013130796 0.013130796 0.270698293
13110.000000000 1.073396694 0.012740144 0.012740144 0.262644805
13120.000000000 1.081540316 0.013213161 0.013213161 0.272396290
13130.000000000 1.085411928 0.013184022 0.013184022 0.271795569
13140.000000000 1.084822043 0.012718766 0.012718766 0.262204074
13150.000000000 1.084804286 0.013159098 0.013159098 0.271281760
13160.000000000 1.082419741 0.013047010 0.013047010 0.268970998
13170.000000000 1.085246815 0.012483545 0.012483545 0.257354874
13180.000000000 1.091528086 0.012663233 0.012663233 0.261059231
13190.000000000 1.097524258 0.012979294 0.012979294 0.267574992
13200.000000000 1.099317228 0.012908929 0.012908929 0.266437299
13210.000000000 1.093134506 0.013084420 0.013084420 0.270059395
13220.000000000 1.093207589 0.012742682 0.012742682 0.263006001
13230.000000000 1.090209335 0.012983437 0.012983437 0.267975128
13240.000000000 1.100127846 0.012672406 0.012672406 0.261555519
13250.000000000 1.097735000 0.013285286 0.013285286 0.274205217
13260.000000000 1.101369532 0.013482458 0.013482458 0.278274794
13270.000000000 1.096328300 0.014028726 0.014028726 0.289549643
13280.000000000 1.101406986 0.014253620 0.014253620 0.294191398
13290.000000000 1.095757146 0.014171072 0.014171072 0.292487628
13300.000000000 1.097892238 0.014295830 0.014295830 0.295062611
13310.000000000 1.092132934 0.013961798 0.013961798 0.288168269
13320.000000000 1.087095047 0.013938544 0.013938544 0.287688315
13330.000000000 1.071656070 0.014091085 0.014091085 0.290836722
13340.000000000 1.063287474 0.013672298 0.013672298 0.282193045
13350.000000000 1.056595979 0.014272652 0.014272652 0.294584223
13360.000000000 1.057303323 0.014080603 0.014080603 0.290620376
13370.000000000 1.047557828 0.014021530 0.014021530 0.289401116
13380.000000000 1.040049098 0.013624416 0.013624416 0.281204780
13390.000000000 1.035812193 0.013675371 0.013675371 0.282256473
13400.000000000 1.028996403 0.013823751 0.013823751 0.285319012
13410.000000000 1.024260860 0.013705656 0.013705656 0.282881546
13420.000000000 1.022485820 0.013561610 0.013561610 0.279908469
13430.000000000 1.017755027 0.013535523 0.013535523 0.279370038
13440.000000000 1.015310012 0.013196846 0.013196846 0.272379838
13450.000000000 1.015567057 0.013240955 0.013240955 0.273290232
13460.000000000 1.005233598 0.013472857 0.013472857 0.278076630
13470.000000000 1.004782589 0.013782201 0.013782201 0.284461424
13480.000000000 1.002139090 0.013898236 0.013898236 0.286856350
13490.000000000 0.999525789 0.013791810 0.013791810 0.284659745
13500.000000000 0.996869042 0.013669255 0.013669255 0.282130246
13510.000000000 0.995570668 0.013255189 0.013255189 0.273584017
13520.000000000 0.988914778 0.012776368 0.012776368 0.263701271
13530.000000000 0.982600343 0.012786394 0.012786394 0.263908190
13540.000000000 0.968180928 0.013266135 0.013266135 0.273809935
13550.000000000 0.962554236 0.013104669 0.013104669 0.270477325
13560.000000000 0.959129986 0.013514135 0.013514135 0.279255798
13570.000000000 0.961185608 0.013112823 0.013112823 0.270963092
13580.000000000 0.957571175 0.012587790 0.012587790 0.260113828
13590.000000000 0.955855374 0.012979002 0.012979002 0.268197811
13600.000000000 0.954415385 0.013521780 0.013521780 0.279413769
13610.000000000 0.945116381 0.014012162 0.014012162 0.289547012
13620.000000000 0.940603324 0.014259514 0.014259514 0.294658294
13630.000000000 0.940682161 0.013989897 0.013989897 0.289086934
13640.000000000 0.937168204 0.013660017 0.013660017 0.282270290
13650.000000000 0.939085745 0.013170973 0.013170973 0.272164690
13660.000000000 0.941567296 0.013217123 0.013217123 0.273118335
13670.000000000 0.941553835 0.012826230 0.012826230 0.265040948
13680.000000000 0.941540375 0.012746566 0.012746566 0.263394766
13690.000000000 0.946149631 0.013218310 0.013218310 0.273142867
13700.000000000 0.949092506 0.013405294 0.013405294 0.277006699
13710.000000000 0.943248536 0.013408554 0.013408554 0.277074068
13720.000000000 0.950186909 0.013250402 0.013250402 0.273806027
13730.000000000 0.944382510 0.013355314 0.013355314 0.275973914
13740.000000000 0.954471592 0.013093122 0.013093122 0.270555995
13750.000000000 0.954248353 0.013525708 0.013525708 0.279494931
13760.000000000 0.943625017 0.013252521 0.013252521 0.273849815
13770.000000000 0.952436133 0.012958936 0.012958936 0.267783181
13780.000000000 0.954029171 0.012497916 0.012497916 0.258256672
13790.000000000 0.953293240 0.012183958 0.012183958 0.251769045
13800.000000000 0.953596392 0.012006922 0.012006922 0.248110784
13810.000000000 0.951108442 0.012112270 0.012112270 0.250287679
13820.000000000 0.945318780 0.012026842 0.012026842 0.248522400
13830.000000000 0.946899171 0.012272565 0.012272565 0.253600022
13840.000000000 0.951511883 0.012197473 0.012197473 0.252048315
13850.000000000 0.953239263 0.012361585 0.012361585 0.255439526
13860.000000000 0.946431627 0.012172757 0.012172757 0.251537589
13870.000000000 0.946608912 0.012497395 0.012497395 0.258245902
13880.000000000 0.953228327 0.012628333 0.012628333 0.260951608
13890.000000000 0.954718204 0.012739785 0.012739785 0.263254643
13900.000000000 0.952235745 0.012620210 0.012620210 0.260783756
13910.000000000 0.949054465 0.012397068 0.012397068 0.256172740
13920.000000000 0.945901943 0.012714465 0.012714465 0.262731427
13930.000000000 0.945631027 0.012766211 0.012766211 0.263800717
13940.000000000 0.945360107 0.013268668 0.013268668 0.274183473
13950.000000000 0.945089183 0.013391310 0.013391310 0.276717745
13960.000000000 0.951303105 0.014106681 0.014106681 0.291500155
13970.000000000 0.944547325 0.013951223 0.013951223 0.288287779
13980.000000000 0.944546795 0.014044385 0.014044385 0.290212858
13990.000000000 0.944005452 0.014492865 0.014492865 0.299480251
14000.000000000 0.951804483 0.014557094 0.014557094 0.300807477
14010.000000000 0.950069642 0.014605997 0.014605997 0.301818001
14020.000000000 0.947033874 0.014289612 0.014289612 0.295280234
14030.000000000 0.949377371 0.014870612 0.014870612 0.307285995
14040.000000000 0.955329038 0.015037215 0.015037215 0.310728675
14050.000000000 0.954141840 0.014777712 0.014777712 0.305366321
14060.000000000 0.959085306 0.015239086 0.015239086 0.314900151
14070.000000000 0.958761934 0.014895037 0.014895037 0.307790713
14080.000000000 0.959271265 0.014931461 0.014931461 0.308543392
14090.000000000 0.958541522 0.014665442 0.014665442 0.303046379
14100.000000000 0.954570725 0.015564110 0.015564110 0.321616426
14110.000000000 0.954842970 0.015404443 0.015404443 0.318317068
14120.000000000 0.953972843 0.015233177 0.015233177 0.314778031
14130.000000000 0.949577561 0.015294181 0.015294181 0.316038620
14140.000000000 0.949204657 0.015374854 0.015374854 0.317705644
14150.000000000 0.949394391 0.015401790 0.015401790 0.318262260
14160.000000000 0.944092642 0.016058378 0.016058378 0.331829981
14170.000000000 0.940062760 0.015651035 0.015651035 0.323412657
14180.000000000 0.939995625 0.015450352 0.015450352 0.319265734
14190.000000000 0.935019051 0.015204612 0.015204612 0.314187772
14200.000000000 0.936043051 0.015288755 0.015288755 0.315926504
14210.000000000 0.937729599 0.015137250 0.015137250 0.312795796
14220.000000000 0.941290896 0.014928721 0.014928721 0.308486759
14230.000000000 0.945365251 0.014611515 0.014611515 0.301932032
14240.000000000 0.947593739 0.014717053 0.014717053 0.304112860
14250.000000000 0.942160624 0.014208968 0.014208968 0.293613796
14260.000000000 0.941172161 0.013897120 0.013897120 0.287169793
14270.000000000 0.955057279 0.013650642 0.013650642 0.282076570
14280.000000000 0.948456399 0.013720458 0.013720458 0.283519242
14290.000000000 0.944544187 0.014374914 0.014374914 0.297042904
14300.000000000 0.951453577 0.014205699 0.014205699 0.293546247
14310.000000000 0.949676577 0.013780220 0.013780220 0.284754166
14320.000000000 0.949980431 0.013155240 0.013155240 0.271839600
14330.000000000 0.948538654 0.013164978 0.013164978 0.272040827
14340.000000000 0.939921435 0.013481200 0.013481200 0.278575224
14350.000000000 0.939369517 0.013472549 0.013472549 0.278396455
14360.000000000 0.939511764 0.013543242 0.013543242 0.279857257
14370.000000000 0.938866793 0.013592672 0.013592672 0.280878673
14380.000000000 0.938562890 0.013287366 0.013287366 0.274569846
14390.000000000 0.938380666 0.013907015 0.013907015 0.287374263
14400.000000000 0.935819877 0.014172604 0.014172604 0.292862373
14410.000000000 0.939053647 0.014262766 0.014262766 0.294725479
14420.000000000 0.940702527 0.014302784 0.014302784 0.295552425
14430.000000000 0.938227440 0.014144354 0.014144354 0.292278632
14440.000000000 0.934811208 0.014525473 0.014525473 0.300154060
14450.000000000 0.928533867 0.014219477 0.014219477 0.293486699
14460.000000000 0.922201408 0.014292338 0.014292338 0.294990524
14470.000000000 0.918036715 0.014153065 0.014153065 0.292115975
14480.000000000 0.916236293 0.014087685 0.014087685 0.290766543
14490.000000000 0.920585424 0.014365736 0.014365736 0.296505446
14500.000000000 0.926875671 0.014451905 0.014451905 0.298283968
14510.000000000 0.925108393 0.014074033 0.014074033 0.290484775
14520.000000000 0.925668685 0.014235312 0.014235312 0.293813531
14530.000000000 0.929242163 0.013507237 0.013507237 0.278786232
14540.000000000 0.936475070 0.013267440 0.013267440 0.273836886
14550.000000000 0.933605798 0.013390998 0.013390998 0.276387086
14560.000000000 0.930462601 0.013613600 0.013613600 0.280981533
14570.000000000 0.934069088 0.013786001 0.013786001 0.284539850
14580.000000000 0.934576084 0.013632756 0.013632756 0.281376904
14590.000000000 0.932181050 0.014014790 0.014014790 0.289262002
14600.000000000 0.939258342 0.014068087 0.014068087 0.290362037
14610.000000000 0.944386762 0.014002290 0.014002290 0.289003999
14620.000000000 0.948635664 0.013901753 0.013901753 0.286928957
14630.000000000 0.939674385 0.014124300 0.014124300 0.291522259
14640.000000000 0.946580851 0.014318695 0.014318695 0.295534535
14650.000000000 0.950584775 0.014219287 0.014219287 0.293482769
14660.000000000 0.945052683 0.014001389 0.014001389 0.288985419
14670.000000000 0.947423003 0.014103485 0.014103485 0.291092643
14680.000000000 0.941955948 0.014180691 0.014180691 0.292342444
14690.000000000 0.941699397 0.014272164 0.014272164 0.294228192
14700.000000000 0.930654703 0.014338258 0.014338258 0.295590765
14710.000000000 0.928326171 0.014323416 0.014323416 0.295284776
14720.000000000 0.928673584 0.014606542 0.014606542 0.301121580
14730.000000000 0.922679001 0.014618215 0.014618215 0.301362217
14740.000000000 0.924560871 0.014443710 0.014443710 0.297764710
14750.000000000 0.922504137 0.014165428 0.014165428 0.292027777
14760.000000000 0.924913130 0.014550346 0.014550346 0.299963072
14770.000000000 0.926988834 0.014259165 0.014259165 0.293960218
14780.000000000 0.924989287 0.014639592 0.014639592 0.301802915
14790.000000000 0.931262044 0.015434224 0.015434224 0.318184685
14800.000000000 0.934895440 0.015308823 0.015308823 0.315599473
14810.000000000 0.929232776 0.015196994 0.015196994 0.313294058
14820.000000000 0.931307598 0.015189779 0.015189779 0.313145317
14830.000000000 0.932606281 0.015763599 0.015763599 0.324974916
14840.000000000 0.944894121 0.015940876 0.015940876 0.328629579
14850.000000000 0.946548993 0.015177848 0.015177848 0.312899359
14860.000000000 0.949834613 0.014744008 0.014744008 0.303955517
14870.000000000 0.950038097 0.014415644 0.014415644 0.297186108
14880.000000000 0.951738896 0.014225714 0.014225714 0.293270611
14890.000000000 0.952086916 0.014280024 0.014280024 0.294390231
14900.000000000 0.950786920 0.014253722 0.014253722 0.293848001
14910.000000000 0.948690557 0.014225026 0.014225026 0.293256434
14920.000000000 0.943904869 0.014601205 0.014601205 0.301011553
14930.000000000 0.934611529 0.014839015 0.014839015 0.305914139
14940.000000000 0.939717678 0.014765978 0.014765978 0.304408442
14950.000000000 0.935722511 0.014611858 0.014611858 0.301231179
14960.000000000 0.941569719 0.014379657 0.014379657 0.296444219
14970.000000000 0.944553123 0.014385855 0.014385855 0.296571995
14980.000000000 0.943088292 0.014388793 0.014388793 0.296632567
14990.000000000 0.945930620 0.014466876 0.014466876 0.298242293
15000.000000000 0.941918793 0.014820105 0.014820105 0.305524286
15010.000000000 0.938016090 0.015122678 0.015122678 0.311761996
15020.000000000 0.937727650 0.014785040 0.014785040 0.304801401
15030.000000000 0.937401618 0.014947445 0.014947445 0.308149472
15040.000000000 0.940338230 0.014707443 0.014707443 0.303201708
15050.000000000 0.946025728 0.014704054 0.014704054 0.303131847
15060.000000000 0.944359467 0.015179162 0.015179162 0.312926444
15070.000000000 0.939113232 0.015021432 0.015021432 0.309674763
15080.000000000 0.946224997 0.015396484 0.015396484 0.317406659
15090.000000000 0.941476787 0.015726089 0.015726089 0.324201634
15100.000000000 0.944666124 0.014811131 0.014811131 0.305339287
15110.000000000 0.943964440 0.014569386 0.014569386 0.300355579
15120.000000000 0.947643901 0.014209448 0.014209448 0.292935276
15130.000000000 0.942156091 0.014661784 0.014661784 0.302260423
15140.000000000 0.943208256 0.014428746 0.014428746 0.297456216
15150.000000000 0.934910106 0.014905642 0.014905642 0.307287683
15160.000000000 0.928412977 0.015141470 0.015141470 0.312149408
15170.000000000 0.927192604 0.015042253 0.015042253 0.310103998
15180.000000000 0.928823280 0.014814934 0.014814934 0.305417686
15190.000000000 0.930399390 0.014813847 0.014813847 0.305395277
15200.000000000 0.927957008 0.014732421 0.014732421 0.303716638
15210.000000000 0.922510889 0.015292929 0.015292929 0.315271818
15220.000000000 0.926946952 0.015309694 0.015309694 0.315617433
15230.000000000 0.924019305 0.015471381 0.015471381 0.318950700
15240.000000000 0.922143411 0.015606613 0.015606613 0.321738577
15250.000000000 0.929626497 0.015916486 0.015916486 0.328126757
15260.000000000 0.931748393 0.015381311 0.015381311 0.317093843
15270.000000000 0.934864624 0.015461338 0.015461338 0.318743657
15280.000000000 0.934550541 0.014704707 0.014704707 0.303145291
15290.000000000 0.934195058 0.014569618 0.014569618 0.300360377
15300.000000000 0.932989698 0.014378411 0.014378411 0.296418530
15310.000000000 0.934102114 0.014603702 0.014603702 0.301063030
15320.000000000 0.924568999 0.014799574 0.014799574 0.305101033
15330.000000000 0.925722863 0.015011390 0.015011390 0.309467733
15340.000000000 0.926059123 0.014950082 0.014950082 0.308203842
15350.000000000 0.925397126 0.015324669 0.015324669 0.315926141
15360.000000000 0.921055738 0.015136661 0.015136661 0.312050260
15370.000000000 0.929223858 0.015514263 0.015514263 0.319834727
15380.000000000 0.930182596 0.015393407 0.015393407 0.317343208
15390.000000000 0.925279679 0.015520654 0.015520654 0.319966469
15400.000000000 0.918806037 0.015643238 0.015643238 0.322493616
15410.000000000 0.917969166 0.015564637 0.015564637 0.320873205
15420.000000000 0.917565157 0.015204923 0.015204923 0.313457512
15430.000000000 0.920046826 0.015151983 0.015151983 0.312366122
15440.000000000 0.922528595 0.015260640 0.015260640 0.314606155
15450.000000000 0.919015455 0.015128532 0.015128532 0.311882685
15460.000000000 0.931112744 0.014854782 0.014854782 0.306239170
15470.000000000 0.929974141 0.014387562 0.014387562 0.296607186
15480.000000000 0.925773464 0.013685355 0.013685355 0.282130818
15490.000000000 0.928202278 0.014081688 0.014081688 0.290301444
15500.000000000 0.931593755 0.013981720 0.013981720 0.288240539
15510.000000000 0.924166959 0.014052492 0.014052492 0.289699537
15520.000000000 0.929582816 0.013969660 0.013969660 0.287991921
15530.000000000 0.938440422 0.013943695 0.013943695 0.287456645
15540.000000000 0.937030167 0.014451019 0.014451019 0.297915387
15550.000000000 0.933755603 0.014526788 0.014526788 0.299477408
15560.000000000 0.930980962 0.014555821 0.014555821 0.300075932
15570.000000000 0.934782489 0.014621570 0.014621570 0.301431393
15580.000000000 0.933680583 0.014340119 0.014340119 0.295629120
15590.000000000 0.925064795 0.014574458 0.014574458 0.300460150
15600.000000000 0.925722312 0.014401819 0.014401819 0.296901114
15610.000000000 0.929932512 0.014330082 0.014330082 0.295422213
15620.000000000 0.923209387 0.014268862 0.014268862 0.294160131
15630.000000000 0.919826333 0.014317120 0.014317120 0.295154987
15640.000000000 0.919743858 0.014391893 0.014391893 0.296696483
15650.000000000 0.918527060 0.014529028 0.014529028 0.299523583
15660.000000000 0.917061733 0.014937290 0.014937290 0.307940131
15670.000000000 0.919981084 0.015511006 0.015511006 0.319767582
15680.000000000 0.927538215 0.015767950 0.015767950 0.325064607
15690.000000000 0.931780031 0.016145074 0.016145074 0.332839229
15700.000000000 0.929532874 0.016326232 0.016326232 0.336573899
15710.000000000 0.940703285 0.016546860 0.016546860 0.341122248
15720.000000000 0.942600389 0.016461764 0.016461764 0.338968475
15730.000000000 0.939447839 0.016260263 0.016260263 0.334819299
15740.000000000 0.928459750 0.015889049 0.015889049 0.327175543
15750.000000000 0.928596490 0.015803822 0.015803822 0.325420619
15760.000000000 0.929757733 0.016131464 0.016131464 0.332167177
15770.000000000 0.929764027 0.016239848 0.016239848 0.334398930
15780.000000000 0.924012114 0.016005585 0.016005585 0.329575171
15790.000000000 0.924067288 0.015603940 0.015603940 0.321304787
15800.000000000 0.919677570 0.014918866 0.014918866 0.307198262
15810.000000000 0.915578133 0.015463805 0.015463805 0.318419236
15820.000000000 0.914874567 0.015273291 0.015273291 0.314496313
15830.000000000 0.920860435 0.015255435 0.015255435 0.314128632
15840.000000000 0.919341175 0.015433232 0.015433232 0.317789706
15850.000000000 0.915515560 0.015134015 0.015134015 0.311628442
15860.000000000 0.915386664 0.014954456 0.014954456 0.307931100
15870.000000000 0.916183292 0.015537280 0.015537280 0.319932176
15880.000000000 0.910357783 0.015955660 0.015955660 0.328547145
15890.000000000 0.909072130 0.015940156 0.015940156 0.328227901
15900.000000000 0.908252769 0.015913768 0.015913768 0.327684544
15910.000000000 0.910353992 0.015572374 0.015572374 0.320654804
15920.000000000 0.905140399 0.015290452 0.015290452 0.314849684
15930.000000000 0.903121239 0.015104036 0.015104036 0.311011137
15940.000000000 0.915131863 0.015277050 0.015277050 0.314573716
15950.000000000 0.916145124 0.015469394 0.015469394 0.318534310
15960.000000000 0.919369286 0.015717845 0.015717845 0.324031684
15970.000000000 0.924932640 0.015696574 0.015696574 0.323593171
15980.000000000 0.929424031 0.015473030 0.015473030 0.318984676
15990.000000000 0.930472416 0.015704491 0.015704491 0.323756375
16000.000000000 0.933202498 0.015613862 0.015613862 0.321888003
16010.000000000 0.933633751 0.015609438 0.015609438 0.321417991
16020.000000000 0.927429895 0.014894745 0.014894745 0.306701565
16030.000000000 0.929834604 0.015550420 0.015550420 0.320202738
16040.000000000 0.925823767 0.015591688 0.015591688 0.321052509
16050.000000000 0.927514554 0.016569612 0.016569612 0.341189193
16060.000000000 0.919838667 0.016315664 0.016315664 0.335960079
16070.000000000 0.921741907 0.016143660 0.016143660 0.332418306
16080.000000000 0.921038424 0.016278886 0.016278886 0.335202778
16090.000000000 0.922083634 0.016171105 0.016171105 0.332983429
16100.000000000 0.922572732 0.016217565 0.016217565 0.333940112
16110.000000000 0.921627676 0.015961650 0.015961650 0.328670485
16120.000000000 0.924797861 0.015606517 0.015606517 0.321357848
16130.000000000 0.923444760 0.015449349 0.015449349 0.318121557
16140.000000000 0.919483649 0.015430686 0.015430686 0.317737264
16150.000000000 0.921146914 0.015421027 0.015421027 0.317538379
16160.000000000 0.925196247 0.014844633 0.014844633 0.305669699
16170.000000000 0.924127974 0.015591928 0.015591928 0.321057441
16180.000000000 0.919813486 0.015621413 0.015621413 0.321664576
16190.000000000 0.914998922 0.016162775 0.016162775 0.332811911
16200.000000000 0.904607407 0.016582303 0.016582303 0.341450513
16210.000000000 0.903109454 0.016487031 0.016487031 0.339488745
16220.000000000 0.897785106 0.016844497 0.016844497 0.346849432
16230.000000000 0.901297328 0.016525597 0.016525597 0.340282871
16240.000000000 0.907319680 0.016559579 0.016559579 0.340982609
16250.000000000 0.909844794 0.016496169 0.016496169 0.339676902
16260.000000000 0.908441832 0.016456189 0.016456189 0.338853674
16270.000000000 0.901087930 0.016384120 0.016384120 0.337369680
16280.000000000 0.892437739 0.016721097 0.016721097 0.344308470
16290.000000000 0.892779199 0.016904436 0.016904436 0.348083647
16300.000000000 0.889891063 0.017516111 0.017516111 0.360678799
16310.000000000 0.889462418 0.017700934 0.017700934 0.364484546
16320.000000000 0.884559025 0.017623939 0.017623939 0.362899108
16330.000000000 0.882575386 0.017838732 0.017838732 0.367321982
16340.000000000 0.868650309 0.017860651 0.017860651 0.367339363
16350.000000000 0.872983894 0.017498675 0.017498675 0.359894619
16360.000000000 0.875151163 0.016935838 0.016935838 0.348318763
16370.000000000 0.877405514 0.016933978 0.016933978 0.348280518
16380.000000000 0.869227651 0.017140484 0.017140484 0.352527707
16390.000000000 0.867987610 0.016521736 0.016521736 0.339801951
16400.000000000 0.867727698 0.016814364 0.016814364 0.345820410
16410.000000000 0.860618137 0.016443461 0.016443461 0.338192073
16420.000000000 0.858653174 0.016440009 0.016440009 0.338121066
16430.000000000 0.855450267 0.016578709 0.016578709 0.340973711
16440.000000000 0.850575349 0.016111355 0.016111355 0.331361652
16450.000000000 0.848494599 0.016581103 0.016581103 0.341022948
16460.000000000 0.852242548 0.016278062 0.016278062 0.334790305
16470.000000000 0.859098929 0.015324080 0.015324080 0.315169791
16480.000000000 0.863171171 0.015390979 0.015390979 0.316545717
16490.000000000 0.861350151 0.015254356 0.015254356 0.313735790
16500.000000000 0.857635420 0.015101240 0.015101240 0.310586665
16510.000000000 0.854110572 0.015202710 0.015202710 0.312673579
16520.000000000 0.858443298 0.015162956 0.015162956 0.311855972
16530.000000000 0.858445548 0.015389311 0.015389311 0.316511407
16540.000000000 0.856214625 0.015681892 0.015681892 0.322528897
16550.000000000 0.845784532 0.015414633 0.015414633 0.317032207
16560.000000000 0.855038949 0.015439061 0.015439061 0.317534608
16570.000000000 0.854893368 0.015874926 0.015874926 0.326884737
16580.000000000 0.860501842 0.016432801 0.016432801 0.338372083
16590.000000000 0.867963222 0.016053182 0.016053182 0.330555253
16600.000000000 0.864620511 0.016566166 0.016566166 0.341118245
16610.000000000 0.874371976 0.015875093 0.015875093 0.326888177
16620.000000000 0.874815634 0.016096028 0.016096028 0.331437510
16630.000000000 0.880941258 0.015932062 0.015932062 0.328061231
16640.000000000 0.873687987 0.015889209 0.015889209 0.327178834
16650.000000000 0.875667779 0.016231243 0.016231243 0.334221753
16660.000000000 0.875300195 0.016240843 0.016240843 0.334419426
16670.000000000 0.865115721 0.015993879 0.015993879 0.329334134
16680.000000000 0.871760721 0.015853585 0.015853585 0.326445304
16690.000000000 0.872682282 0.015937865 0.015937865 0.328180733
16700.000000000 0.872339065 0.015980226 0.015980226 0.329052999
16710.000000000 0.881277411 0.016280890 0.016280890 0.335244048
16720.000000000 0.877913628 0.015743364 0.015743364 0.324175709
16730.000000000 0.875045898 0.016015923 0.016015923 0.329788034
16740.000000000 0.882682160 0.016131798 0.016131798 0.332174044
16750.000000000 0.882497822 0.016387066 0.016387066 0.337430337
16760.000000000 0.886288853 0.016994754 0.016994754 0.349943411
16770.000000000 0.885437267 0.017401784 0.017401784 0.358324665
16780.000000000 0.885955544 0.017779960 0.017779960 0.366111792
16790.000000000 0.890056523 0.018047896 0.018047896 0.371628925
16800.000000000 0.889487664 0.017397646 0.017397646 0.358239447
16810.000000000 0.889913776 0.017274432 0.017274432 0.355702325
16820.000000000 0.893675254 0.017136773 0.017136773 0.352867747
16830.000000000 0.889575042 0.017166258 0.017166258 0.353474887
16840.000000000 0.881782901 0.017058875 0.017058875 0.351263727
16850.000000000 0.881994287 0.016583991 0.016583991 0.341485268
16860.000000000 0.881133742 0.016575974 0.016575974 0.341320205
16870.000000000 0.888228617 0.016564086 0.016564086 0.341075404
16880.000000000 0.884039022 0.016429169 0.016429169 0.338297296
16890.000000000 0.889209745 0.016493973 0.016493973 0.340031971
16900.000000000 0.879901269 0.016074613 0.016074613 0.331386645
16910.000000000 0.893983431 0.016456667 0.016456667 0.339262891
16920.000000000 0.887823147 0.016141020 0.016141020 0.332755656
16930.000000000 0.883869281 0.015909342 0.015909342 0.327979482
16940.000000000 0.882274565 0.016092610 0.016092610 0.331757652
16950.000000000 0.889683941 0.016052636 0.016052636 0.330933569
16960.000000000 0.894090177 0.015856894 0.015856894 0.326898252
16970.000000000 0.887962579 0.016438709 0.016438709 0.338892677
16980.000000000 0.886461063 0.016208589 0.016208589 0.334148621
16990.000000000 0.892224398 0.016590089 0.016590089 0.342013447
17000.000000000 0.895332793 0.016464487 0.016464487 0.339424096
17010.000000000 0.898599754 0.016219153 0.016219153 0.334366413
17020.000000000 0.896284203 0.016090128 0.016090128 0.331706485
17030.000000000 0.898769382 0.016312045 0.016312045 0.336281431
17040.000000000 0.896355460 0.016225609 0.016225609 0.334892799
17050.000000000 0.894844239 0.016446642 0.016446642 0.339454861
17060.000000000 0.892744325 0.016316627 0.016316627 0.336771392
17070.000000000 0.886921482 0.016900678 0.016900678 0.348826070
17080.000000000 0.884874664 0.016867968 0.016867968 0.348150931
17090.000000000 0.876677935 0.016488695 0.016488695 0.340322840
17100.000000000 0.869972649 0.016185404 0.016185404 0.334062978
17110.000000000 0.870852987 0.016216237 0.016216237 0.334699368
17120.000000000 0.878759262 0.016146021 0.016146021 0.333250112
17130.000000000 0.878370675 0.016042209 0.016042209 0.331107455
17140.000000000 0.882891875 0.016275482 0.016275482 0.335922170
17150.000000000 0.874546885 0.016237717 0.016237717 0.335142696
17160.000000000 0.875898398 0.016325337 0.016325337 0.336951161
17170.000000000 0.887722438 0.016402505 0.016402505 0.338543879
17180.000000000 0.892463089 0.016388376 0.016388376 0.338252266
17190.000000000 0.895423341 0.015918491 0.015918491 0.328553945
17200.000000000 0.891757590 0.015956676 0.015956676 0.329342080
17210.000000000 0.885365231 0.016181287 0.016181287 0.333977999
17220.000000000 0.876821412 0.016124136 0.016124136 0.332798408
17230.000000000 0.868960284 0.016226738 0.016226738 0.334916099
17240.000000000 0.867355221 0.016194812 0.016194812 0.334257161
17250.000000000 0.861642400 0.016888065 0.016888065 0.348565732
17260.000000000 0.866568472 0.016681899 0.016681899 0.344310524
17270.000000000 0.862410276 0.016036328 0.016036328 0.330986077
17280.000000000 0.867988865 0.015768987 0.015768987 0.325468216
17290.000000000 0.870041630 0.016226383 0.016226383 0.334908767
17300.000000000 0.873529129 0.016380153 0.016380153 0.338082540
17310.000000000 0.875698869 0.016490608 0.016490608 0.340362304
17320.000000000 0.871236064 0.016069201 0.016069201 0.331664561
17330.000000000 0.872418801 0.016304342 0.016304342 0.336517819
17340.000000000 0.868858714 0.016524517 0.016524517 0.341062186
17350.000000000 0.870347099 0.016910119 0.016910119 0.349020915
17360.000000000 0.870005375 0.017267278 0.017267278 0.356392594
17370.000000000 0.868219845 0.017208316 0.017208316 0.355175650
17380.000000000 0.870443012 0.017522852 0.017522852 0.361667592
17390.000000000 0.864334670 0.017337472 0.017337472 0.357841395
17400.000000000 0.867935677 0.017704315 0.017704315 0.365412940
17410.000000000 0.871108727 0.017197744 0.017197744 0.354957430
17420.000000000 0.868619010 0.017227733 0.017227733 0.355576400
17430.000000000 0.870236781 0.017049921 0.017049921 0.351906409
17440.000000000 0.876293451 0.017616845 0.017616845 0.363607576
17450.000000000 0.873745544 0.018303159 0.018303159 0.377772935
17460.000000000 0.866510075 0.018188912 0.018188912 0.375414908
17470.000000000 0.869932926 0.017917416 0.017917416 0.369811303
17480.000000000 0.870454840 0.017835643 0.017835643 0.368123526
17490.000000000 0.872464938 0.017842462 0.017842462 0.368264271
17500.000000000 0.876923466 0.018111819 0.018111819 0.373823740
17510.000000000 0.881435989 0.017758714 0.017758714 0.366535730
17520.000000000 0.880312328 0.016854602 0.016854602 0.347875056
17530.000000000 0.884497125 0.017069414 0.017069414 0.352308740
17540.000000000 0.887775615 0.016609060 0.016609060 0.342807126
17550.000000000 0.876322158 0.016370733 0.016370733 0.337888112
17560.000000000 0.879279845 0.016527399 0.016527399 0.341121681
17570.000000000 0.883166459 0.016936137 0.016936137 0.349557919
17580.000000000 0.888007355 0.017315890 0.017315890 0.357395934
17590.000000000 0.887251157 0.017177980 0.017177980 0.354549511
17600.000000000 0.884585631 0.016765593 0.016765593 0.346037935
17610.000000000 0.875036977 0.016402121 0.016402121 0.338535971
17620.000000000 0.872500812 0.016330165 0.016330165 0.337050802
17630.000000000 0.868192032 0.016799129 0.016799129 0.346730119
17640.000000000 0.857836398 0.016722844 0.016722844 0.345155602
17650.000000000 0.862011847 0.016794754 0.016794754 0.346639821
17660.000000000 0.859428004 0.016559915 0.016559915 0.341792789
17670.000000000 0.851570395 0.016983646 0.016983646 0.350538507
17680.000000000 0.854527506 0.017143832 0.017143832 0.353844697
17690.000000000 0.854536396 0.016292446 0.016292446 0.336272290
17700.000000000 0.857709610 0.015949204 0.015949204 0.329187860
17710.000000000 0.851478499 0.015284889 0.015284889 0.315476561
17720.000000000 0.852031185 0.015448329 0.015448329 0.318849928
17730.000000000 0.846593671 0.015790266 0.015790266 0.325907419
17740.000000000 0.845408772 0.015390180 0.015390180 0.317649746
17750.000000000 0.852456317 0.015998296 0.015998296 0.330201118
17760.000000000 0.851940541 0.015517493 0.015517493 0.320277445
17770.000000000 0.839033707 0.015272461 0.015272461 0.315220047
17780.000000000 0.832117635 0.015482123 0.015482123 0.319547412
17790.000000000 0.834338278 0.015608416 0.015608416 0.322154086
17800.000000000 0.836654049 0.015552284 0.015552284 0.320995529
17810.000000000 0.829405033 0.016042530 0.016042530 0.331114095
17820.000000000 0.822110698 0.015933528 0.015933528 0.328864313
17830.000000000 0.818258642 0.015576211 0.015576211 0.321489367
17840.000000000 0.822564490 0.015783790 0.015783790 0.325773749
17850.000000000 0.812739485 0.015199804 0.015199804 0.313720415
17860.000000000 0.815123446 0.016013218 0.016013218 0.330509087
17870.000000000 0.815054929 0.015293589 0.015293589 0.315656113
17880.000000000 0.811142846 0.015268655 0.015268655 0.315141480
17890.000000000 0.810640110 0.015549359 0.015549359 0.320935161
17900.000000000 0.809905440 0.015466519 0.015466519 0.319225358
17910.000000000 0.806105610 0.015148475 0.015148475 0.312661003
17920.000000000 0.808020433 0.015125192 0.015125192 0.311813815
17930.000000000 0.805328608 0.015396098 0.015396098 0.317398694
17940.000000000 0.805368968 0.015954636 0.015954636 0.328913244
17950.000000000 0.808440497 0.015640402 0.015640402 0.322435141
17960.000000000 0.812227116 0.016099093 0.016099093 0.331891299
17970.000000000 0.801894361 0.016585539 0.016585539 0.341919647
17980.000000000 0.810219946 0.016547257 0.016547257 0.341130434
17990.000000000 0.806503846 0.016370590 0.016370590 0.337488349
18000.000000000 0.818059409 0.015933499 0.015933499 0.328477505
18010.000000000 0.817628760 0.015763463 0.015763463 0.324972112
18020.000000000 0.819102271 0.015622259 0.015622259 0.322061127
18030.000000000 0.819142760 0.015712451 0.015712451 0.323920470
18040.000000000 0.815307190 0.015708503 0.015708503 0.323839077
18050.000000000 0.817225654 0.015588922 0.015588922 0.321373862
18060.000000000 0.823539236 0.015739974 0.015739974 0.324487868
18070.000000000 0.819828055 0.016154756 0.016154756 0.332646789
18080.000000000 0.822609453 0.016592904 0.016592904 0.341668797
18090.000000000 0.831587857 0.016879298 0.016879298 0.347566012
18100.000000000 0.837817179 0.017160056 0.017160056 0.353347177
18110.000000000 0.840715654 0.017291972 0.017291972 0.356063490
18120.000000000 0.846086543 0.017569233 0.017569233 0.361772646
18130.000000000 0.843540770 0.017271636 0.017271636 0.355644748
18140.000000000 0.837231817 0.017171124 0.017171124 0.353575079
18150.000000000 0.840236949 0.017195421 0.017195421 0.354075390
18160.000000000 0.840720640 0.017163037 0.017163037 0.353408558
18170.000000000 0.837926356 0.017668750 0.017668750 0.363821825
18180.000000000 0.834456507 0.017519297 0.017519297 0.360744400
18190.000000000 0.830801643 0.017698833 0.017698833 0.364441268
18200.000000000 0.837979174 0.018166433 0.018166433 0.374069758
18210.000000000 0.841252346 0.018302572 0.018302572 0.376873029
18220.000000000 0.834628992 0.018141866 0.018141866 0.373563879
18230.000000000 0.837289719 0.017486661 0.017486661 0.360072392
18240.000000000 0.837106773 0.017501434 0.017501434 0.359951364
18250.000000000 0.841312941 0.017470846 0.017470846 0.359322266
18260.000000000 0.851571188 0.017632826 0.017632826 0.362653688
18270.000000000 0.856853034 0.016774238 0.016774238 0.344995150
18280.000000000 0.855453392 0.016533538 0.016533538 0.340044680
18290.000000000 0.850699933 0.016271395 0.016271395 0.334653186
18300.000000000 0.843575871 0.015869085 0.015869085 0.326378894
18310.000000000 0.845448824 0.015949157 0.015949157 0.328025728
18320.000000000 0.846885312 0.015917994 0.015917994 0.327384801
18330.000000000 0.837477481 0.015850179 0.015850179 0.325990061
18340.000000000 0.841305120 0.015751808 0.015751808 0.323966859
18350.000000000 0.836777493 0.015803392 0.015803392 0.325027793
18360.000000000 0.835199507 0.016244459 0.016244459 0.334099194
18370.000000000 0.829030018 0.016140673 0.016140673 0.331964639
18380.000000000 0.827981506 0.015965740 0.015965740 0.328366787
18390.000000000 0.818666015 0.016334910 0.016334910 0.335959509
18400.000000000 0.809600215 0.016631215 0.016631215 0.342457674
18410.000000000 0.812992430 0.017031472 0.017031472 0.351112785
18420.000000000 0.822460434 0.016742737 0.016742737 0.345160375
18430.000000000 0.818684132 0.016891126 0.016891126 0.348219492
18440.000000000 0.818691608 0.016855817 0.016855817 0.347491561
18450.000000000 0.822457632 0.016675189 0.016675189 0.343767837
18460.000000000 0.815954127 0.016693527 0.016693527 0.344145868
18470.000000000 0.813822330 0.016856420 0.016856420 0.347504002
18480.000000000 0.812150186 0.017477440 0.017477440 0.360306652
18490.000000000 0.818584215 0.016897622 0.016897622 0.348353396
18500.000000000 0.819367135 0.017094188 0.017094188 0.352405708
18510.000000000 0.821736168 0.017131866 0.017131866 0.353182463
18520.000000000 0.819485006 0.016990238 0.016990238 0.350262734
18530.000000000 0.823921182 0.017530296 0.017530296 0.361396307
18540.000000000 0.824350860 0.017370356 0.017370356 0.358099068
18550.000000000 0.828218718 0.017140888 0.017140888 0.353368453
18560.000000000 0.826006788 0.016843100 0.016843100 0.347229400
18570.000000000 0.837158151 0.017270573 0.017270573 0.356041984
18580.000000000 0.836030985 0.016379809 0.016379809 0.337678413
18590.000000000 0.822956251 0.016279602 0.016279602 0.335612595
18600.000000000 0.828198597 0.016557244 0.016557244 0.341336338
18610.000000000 0.822991210 0.016917985 0.016917985 0.348773203
18620.000000000 0.829196877 0.016208796 0.016208796 0.334152898
18630.000000000 0.833114902 0.016224866 0.016224866 0.334484182
18640.000000000 0.827724295 0.016179739 0.016179739 0.333553865
18650.000000000 0.833209092 0.015643869 0.015643869 0.322506630
18660.000000000 0.834522665 0.015832320 0.015832320 0.326391646
18670.000000000 0.828351680 0.015706531 0.015706531 0.323798438
18680.000000000 0.825265703 0.015808533 0.015808533 0.325901249
18690.000000000 0.821778035 0.016448010 0.016448010 0.339084412
18700.000000000 0.824714965 0.016803082 0.016803082 0.346404403
18710.000000000 0.832954473 0.016413101 0.016413101 0.338364739
18720.000000000 0.832642385 0.016458858 0.016458858 0.339308056
18730.000000000 0.838079271 0.016225429 0.016225429 0.334495789
18740.000000000 0.843768182 0.016102910 0.016102910 0.331970002
18750.000000000 0.842396063 0.016881989 0.016881989 0.348031112
18760.000000000 0.847152416 0.015959611 0.015959611 0.329015820
18770.000000000 0.846464600 0.016040881 0.016040881 0.330691237
18780.000000000 0.850909380 0.015953542 0.015953542 0.328890699
18790.000000000 0.834948604 0.016872471 0.016872471 0.347834905
18800.000000000 0.831921228 0.016114140 0.016114140 0.332201513
18810.000000000 0.831780794 0.015671598 0.015671598 0.323078261
18820.000000000 0.836906706 0.015889656 0.015889656 0.327573657
18830.000000000 0.828838883 0.016084639 0.016084639 0.331593333
18840.000000000 0.838091408 0.016357207 0.016357207 0.337212460
18850.000000000 0.838220811 0.016664134 0.016664134 0.343539927
18860.000000000 0.846690032 0.017072198 0.017072198 0.351952375
18870.000000000 0.838368990 0.017696654 0.017696654 0.364825863
18880.000000000 0.835251030 0.017303990 0.017303990 0.356730886
18890.000000000 0.845060703 0.017691805 0.017691805 0.364725903
18900.000000000 0.831503385 0.017810133 0.017810133 0.367165298
18910.000000000 0.833989273 0.017543263 0.017543263 0.361663631
18920.000000000 0.835174500 0.017276377 0.017276377 0.356161635
18930.000000000 0.829860376 0.017523599 0.017523599 0.361258240
18940.000000000 0.842295965 0.017326190 0.017326190 0.357188558
18950.000000000 0.836529433 0.016583697 0.016583697 0.341881673
18960.000000000 0.828526434 0.016562700 0.016562700 0.341448803
18970.000000000 0.824636528 0.016562111 0.016562111 0.341436661
18980.000000000 0.844039657 0.016443972 0.016443972 0.339001173
18990.000000000 0.844442469 0.016942656 0.016942656 0.349281795
19000.000000000 0.839153415 0.017579709 0.017579709 0.362414978
19010.000000000 0.851155625 0.017724391 0.017724391 0.365397690
19020.000000000 0.864070083 0.018294286 0.018294286 0.376702408
19030.000000000 0.866549654 0.018089072 0.018089072 0.372476788
19040.000000000 0.865701789 0.018159688 0.018159688 0.373930867
19050.000000000 0.858298502 0.018208689 0.018208689 0.374939852
19060.000000000 0.848760785 0.018285502 0.018285502 0.376521534
19070.000000000 0.841497286 0.017736531 0.017736531 0.365217522
19080.000000000 0.843842139 0.017780634 0.017780634 0.366125655
19090.000000000 0.839886092 0.017794311 0.017794311 0.366407297
19100.000000000 0.829786436 0.017777251 0.017777251 0.366487421
19110.000000000 0.823319652 0.017583189 0.017583189 0.362486727
19120.000000000 0.822809276 0.017357657 0.017357657 0.357837262
19130.000000000 0.830608875 0.017292681 0.017292681 0.356497761
19140.000000000 0.829942713 0.017063161 0.017063161 0.351766069
19150.000000000 0.826208700 0.016996539 0.016996539 0.350392635
19160.000000000 0.823512687 0.017465445 0.017465445 0.360059363
19170.000000000 0.820807491 0.017190953 0.017190953 0.354400575
19180.000000000 0.824843521 0.016912309 0.016912309 0.348245750
19190.000000000 0.822307292 0.016482913 0.016482913 0.339403957
19200.000000000 0.821838959 0.016203770 0.016203770 0.333656050
19210.000000000 0.816127223 0.016119962 0.016119962 0.331930331
19220.000000000 0.819319816 0.016454842 0.016454842 0.338825927
19230.000000000 0.832441589 0.016683568 0.016683568 0.343535689
19240.000000000 0.830572005 0.017059614 0.017059614 0.351278945
19250.000000000 0.832068601 0.017279068 0.017279068 0.355797787
19260.000000000 0.829784430 0.017767901 0.017767901 0.365863465
19270.000000000 0.850337640 0.018477341 0.018477341 0.380471730
19280.000000000 0.852148423 0.018152083 0.018152083 0.373774260
19290.000000000 0.851740482 0.018806120 0.018806120 0.387241702
19300.000000000 0.848247558 0.018574048 0.018574048 0.382463056
19310.000000000 0.846406530 0.018022393 0.018022393 0.371103785
19320.000000000 0.845699861 0.017662843 0.017662843 0.363700193
19330.000000000 0.844878387 0.017556596 0.017556596 0.361512447
19340.000000000 0.843142474 0.017494654 0.017494654 0.360236972
19350.000000000 0.841117492 0.017875564 0.017875564 0.368080390
19360.000000000 0.843429254 0.018032477 0.018032477 0.371311418
19370.000000000 0.840234322 0.018324959 0.018324959 0.377334000
19380.000000000 0.836591542 0.018230091 0.018230091 0.375380545
19390.000000000 0.837549820 0.017984974 0.017984974 0.370333285
19400.000000000 0.836647002 0.018770033 0.018770033 0.386498625
19410.000000000 0.839888861 0.019079644 0.019079644 0.392873917
19420.000000000 0.843989889 0.018984803 0.018984803 0.390921027
19430.000000000 0.850677227 0.018780835 0.018780835 0.386721071
19440.000000000 0.842880708 0.018392573 0.018392573 0.378726264
19450.000000000 0.832182706 0.018158857 0.018158857 0.373913760
19460.000000000 0.842706624 0.017392025 0.017392025 0.358123711
19470.000000000 0.842845768 0.017205892 0.017205892 0.354290996
19480.000000000 0.833870555 0.017280096 0.017280096 0.355818961
19490.000000000 0.830389555 0.017447938 0.017447938 0.359275023
19500.000000000 0.832768090 0.016400232 0.016400232 0.337701445
19510.000000000 0.831096471 0.015922409 0.015922409 0.327862468
19520.000000000 0.834129297 0.016013799 0.016013799 0.329744304
19530.000000000 0.840620469 0.015900003 0.015900003 0.327401091
19540.000000000 0.839848250 0.015401835 0.015401835 0.317143187
19550.000000000 0.841724052 0.015753597 0.015753597 0.324386409
19560.000000000 0.844665813 0.014897175 0.014897175 0.306751612
19570.000000000 0.858276008 0.015057943 0.015057943 0.310062021
19580.000000000 0.850133542 0.015366491 0.015366491 0.316415425
19590.000000000 0.844054845 0.015821380 0.015821380 0.325782153
19600.000000000 0.842499112 0.016465465 0.016465465 0.339044673
19610.000000000 0.846890280 0.016436025 0.016436025 0.338438459
19620.000000000 0.847495504 0.017158123 0.017158123 0.353307379
19630.000000000 0.847897922 0.017288156 0.017288156 0.355984925
19640.000000000 0.852603615 0.017349076 0.017349076 0.357239332
19650.000000000 0.856912369 0.017843962 0.017843962 0.367429658
19660.000000000 0.866413843 0.017914252 0.017914252 0.368877032
19670.000000000 0.864775697 0.018785037 0.018785037 0.386807591
19680.000000000 0.867597476 0.019133551 0.019133551 0.393983928
19690.000000000 0.868800281 0.019040638 0.019040638 0.392070736
19700.000000000 0.867453726 0.019014961 0.019014961 0.391542008
19710.000000000 0.862740655 0.018778554 0.018778554 0.386674096
19720.000000000 0.859167766 0.018648921 0.018648921 0.384004782
19730.000000000 0.855304218 0.018227388 0.018227388 0.375324881
19740.000000000 0.849757214 0.017959427 0.017959427 0.369807235
19750.000000000 0.849354258 0.018425397 0.018425397 0.379402150
19760.000000000 0.850871021 0.018734787 0.018734787 0.385772870
19770.000000000 0.858725549 0.018706220 0.018706220 0.385184653
19780.000000000 0.847204250 0.018610139 0.018610139 0.383206226
19790.000000000 0.840098577 0.018525906 0.018525906 0.381471759
19800.000000000 0.834041263 0.018433725 0.018433725 0.379573631
19810.000000000 0.834082929 0.018660832 0.018660832 0.384250056
19820.000000000 0.828413869 0.018932340 0.018932340 0.390300187
19830.000000000 0.828862184 0.018897409 0.018897409 0.389580061
19840.000000000 0.833173924 0.018244577 0.018244577 0.375678828
19850.000000000 0.830047388 0.018375762 0.018375762 0.378380095
19860.000000000 0.821333333 0.018364923 0.018364923 0.378156908
19870.000000000 0.823594096 0.017999571 0.017999571 0.370633849
19880.000000000 0.815366312 0.017952436 0.017952436 0.369663293
19890.000000000 0.816322024 0.018468543 0.018468543 0.380290573
19900.000000000 0.816724995 0.018043935 0.018043935 0.371547366
19910.000000000 0.820822196 0.018796298 0.018796298 0.387039469
19920.000000000 0.829007688 0.018023571 0.018023571 0.371128049
19930.000000000 0.824441392 0.017903290 0.017903290 0.368651303
19940.000000000 0.821566758 0.018016008 0.018016008 0.370972302
19950.000000000 0.817480254 0.018222161 0.018222161 0.375217253
19960.000000000 0.823022532 0.018093578 0.018093578 0.372569570
19970.000000000 0.812354347 0.018338973 0.018338973 0.377622571
19980.000000000 0.811230787 0.017906477 0.017906477 0.368716919
19990.000000000 0.811271730 0.017443794 0.017443794 0.359189706
20000.000000000 0.821717613 0.017481689 0.017481689 0.359970018
20010.000000000 0.826839622 0.017414083 0.017414083 0.358577917
20020.000000000 0.828624070 0.017551880 0.017551880 0.361415320
20030.000000000 0.816418509 0.017520674 0.017520674 0.360772759
20040.000000000 0.818487059 0.017501393 0.017501393 0.360375732
20050.000000000 0.816014681 0.017073734 0.017073734 0.351569708
20060.000000000 0.814337018 0.016805834 0.016805834 0.346053293
20070.000000000 0.810998616 0.017064637 0.017064637 0.351382386
20080.000000000 0.822311439 0.016974477 0.016974477 0.349525872
20090.000000000 0.822818263 0.016916631 0.016916631 0.348334755
20100.000000000 0.812109627 0.017436062 0.017436062 0.359030489
20110.000000000 0.804924105 0.017125476 0.017125476 0.352635126
20120.000000000 0.810503471 0.016902474 0.016902474 0.348043243
20130.000000000 0.804631253 0.016803684 0.016803684 0.346009036
20140.000000000 0.806000174 0.016443742 0.016443742 0.338597375
20150.000000000 0.804519475 0.016510299 0.016510299 0.339967867
20160.000000000 0.807203159 0.016781171 0.016781171 0.345545470
20170.000000000 0.810695234 0.016579061 0.016579061 0.341383762
20180.000000000 0.802971634 0.016228235 0.016228235 0.334159804
20190.000000000 0.798529323 0.016856539 0.016856539 0.347506452
20200.000000000 0.793064852 0.016742248 0.016742248 0.345150291
20210.000000000 0.791290274 0.016654279 0.016654279 0.342932600
20220.000000000 0.790417321 0.016922565 0.016922565 0.348456948
20230.000000000 0.791817419 0.017223948 0.017223948 0.354662806
20240.000000000 0.792811001 0.017508469 0.017508469 0.360521446
20250.000000000 0.789074855 0.017984353 0.017984353 0.370320499
20260.000000000 0.788277608 0.018209360 0.018209360 0.374953672
20270.000000000 0.782987951 0.018228739 0.018228739 0.375352702
20280.000000000 0.780109582 0.018298231 0.018298231 0.376783643
20290.000000000 0.780341880 0.018630433 0.018630433 0.384076208
20300.000000000 0.780665972 0.018635592 0.018635592 0.384182565
20310.000000000 0.782191755 0.017919273 0.017919273 0.369415277
20320.000000000 0.778877042 0.017888333 0.017888333 0.368777440
20330.000000000 0.776739948 0.017973296 0.017973296 0.370528995
20340.000000000 0.783950160 0.018195733 0.018195733 0.375114642
20350.000000000 0.788829951 0.018228459 0.018228459 0.375789311
20360.000000000 0.787834477 0.017887287 0.017887287 0.368755875
20370.000000000 0.792822429 0.017495584 0.017495584 0.360680695
20380.000000000 0.793927307 0.018340160 0.018340160 0.378092088
20390.000000000 0.798873327 0.018913290 0.018913290 0.389448479
20400.000000000 0.808535010 0.018900492 0.018900492 0.389184953
20410.000000000 0.814578686 0.019195625 0.019195625 0.395262105
20420.000000000 0.820289028 0.018649900 0.018649900 0.384024953
20430.000000000 0.831711182 0.019183097 0.019183097 0.395004140
20440.000000000 0.836469792 0.019889600 0.019889600 0.409551938
20450.000000000 0.855908264 0.019352503 0.019352503 0.398492425
20460.000000000 0.860298599 0.019275106 0.019275106 0.396898719
20470.000000000 0.861082062 0.019270612 0.019270612 0.396806190
20480.000000000 0.875516310 0.019333950 0.019333950 0.398110401
20490.000000000 0.878456967 0.019743347 0.019743347 0.406540399
20500.000000000 0.883992302 0.019908333 0.019908333 0.409937665
20510.000000000 0.878183470 0.019839044 0.019839044 0.408510914
20520.000000000 0.876079588 0.019563287 0.019563287 0.402832734
20530.000000000 0.862386661 0.020459773 0.020459773 0.421292504
20540.000000000 0.869608010 0.020250955 0.020250955 0.416992690
20550.000000000 0.866827420 0.020333961 0.020333961 0.418701887
20560.000000000 0.856545463 0.020344442 0.020344442 0.418917710
20570.000000000 0.856666657 0.020143245 0.020143245 0.414774799
20580.000000000 0.856142486 0.019545222 0.019545222 0.402460748
20590.000000000 0.845078416 0.019211808 0.019211808 0.395595344
20600.000000000 0.836048875 0.018910696 0.018910696 0.389395070
20610.000000000 0.827000080 0.019205918 0.019205918 0.395474061
20620.000000000 0.829945716 0.019872997 0.019872997 0.409210064
20630.000000000 0.832032287 0.019690118 0.019690118 0.405444345
20640.000000000 0.835007067 0.020205407 0.020205407 0.416054788
20650.000000000 0.829300069 0.019929109 0.019929109 0.410365477
20660.000000000 0.827772656 0.020195629 0.020195629 0.415853450
20670.000000000 0.824868142 0.020263325 0.020263325 0.417247406
20680.000000000 0.826752770 0.020712008 0.020712008 0.426486339
20690.000000000 0.819806899 0.021174688 0.021174688 0.436013514
20700.000000000 0.817099495 0.021555217 0.021555217 0.443849090
20710.000000000 0.805278581 0.021412085 0.021412085 0.440901817
20720.000000000 0.803417544 0.020800420 0.020800420 0.428306865
20730.000000000 0.796853935 0.021236104 0.021236104 0.437278151
20740.000000000 0.798627562 0.019953959 0.019953959 0.410877174
20750.000000000 0.807660285 0.019350192 0.019350192 0.398444848
20760.000000000 0.803677092 0.019105061 0.019105061 0.392933099
20770.000000000 0.812742894 0.018142458 0.018142458 0.373135284
20780.000000000 0.823530491 0.017480390 0.017480390 0.359518546
20790.000000000 0.822287837 0.017594378 0.017594378 0.361862932
20800.000000000 0.805462236 0.017538940 0.017538940 0.360722742
20810.000000000 0.807668220 0.018103377 0.018103377 0.372331502
20820.000000000 0.818539375 0.018312641 0.018312641 0.376635432
20830.000000000 0.825023373 0.018818340 0.018818340 0.387036112
20840.000000000 0.818140350 0.018427991 0.018427991 0.379007824
20850.000000000 0.813268778 0.017765309 0.017765309 0.365378474
20860.000000000 0.821277458 0.017832734 0.017832734 0.366765187
20870.000000000 0.819771057 0.018417724 0.018417724 0.378796657
20880.000000000 0.824966179 0.018529912 0.018529912 0.381104027
20890.000000000 0.818555011 0.018337905 0.018337905 0.377155020
20900.000000000 0.812667411 0.017824167 0.017824167 0.366589004
20910.000000000 0.814550289 0.018288972 0.018288972 0.376148628
20920.000000000 0.815332490 0.018834730 0.018834730 0.387373202
20930.000000000 0.813871023 0.019723261 0.019723261 0.405647587
20940.000000000 0.802588558 0.019553156 0.019553156 0.402149048
20950.000000000 0.814161031 0.019296797 0.019296797 0.396876526
20960.000000000 0.821634797 0.019034810 0.019034810 0.391488243
20970.000000000 0.823281602 0.018856031 0.018856031 0.387811314
20980.000000000 0.827346744 0.019062033 0.019062033 0.392048138
20990.000000000 0.821720227 0.018603112 0.018603112 0.383061523
21000.000000000 0.822525832 0.017755322 0.017755322 0.365604461
21010.000000000 0.826794028 0.017747507 0.017747507 0.365443535
21020.000000000 0.823048053 0.017584987 0.017584987 0.362097045
21030.000000000 0.817621060 0.017778648 0.017778648 0.366084768
21040.000000000 0.816857538 0.017662324 0.017662324 0.363689516
21050.000000000 0.818230019 0.017059990 0.017059990 0.351286688
21060.000000000 0.813560554 0.016964200 0.016964200 0.349314259
21070.000000000 0.818007884 0.016708834 0.016708834 0.344055954
21080.000000000 0.819099547 0.016399037 0.016399037 0.337278400
21090.000000000 0.818953495 0.016073563 0.016073563 0.330584388
21100.000000000 0.819580136 0.016225287 0.016225287 0.333704898
21110.000000000 0.822554276 0.016254756 0.016254756 0.334310972
21120.000000000 0.820302961 0.016092736 0.016092736 0.330978712
21130.000000000 0.816729971 0.016445220 0.016445220 0.338228241
21140.000000000 0.814954276 0.017008414 0.017008414 0.349811445
21150.000000000 0.807711025 0.017248587 0.017248587 0.354751060
21160.000000000 0.805604290 0.017288150 0.017288150 0.355984791
21170.000000000 0.810742417 0.017475770 0.017475770 0.359848127
21180.000000000 0.808945706 0.017119781 0.017119781 0.352517875
21190.000000000 0.806791800 0.018082486 0.018082486 0.372341185
21200.000000000 0.797817246 0.018154418 0.018154418 0.373822337
21210.000000000 0.802007460 0.018044858 0.018044858 0.371566364
21220.000000000 0.802962004 0.018081074 0.018081074 0.372312101
21230.000000000 0.801574080 0.017188108 0.017188108 0.353924797
21240.000000000 0.807599804 0.016615466 0.016615466 0.342133389
21250.000000000 0.804361385 0.016689888 0.016689888 0.343665828
21260.000000000 0.799169421 0.016605464 0.016605464 0.341927430
21270.000000000 0.796860972 0.017171765 0.017171765 0.353588289
21280.000000000 0.795783777 0.017688406 0.017688406 0.364226569
21290.000000000 0.792341813 0.018074348 0.018074348 0.372173610
21300.000000000 0.790086771 0.017997296 0.017997296 0.370587015
21310.000000000 0.790882621 0.018431938 0.018431938 0.379536840
21320.000000000 0.796661844 0.018642158 0.018642158 0.383865518
21330.000000000 0.786494970 0.018642202 0.018642202 0.383866427
21340.000000000 0.790720884 0.018469763 0.018469763 0.379866945
21350.000000000 0.794238042 0.018471068 0.018471068 0.380342561
21360.000000000 0.790226569 0.018124882 0.018124882 0.373214160
21370.000000000 0.793241983 0.018317523 0.018317523 0.377180878
21380.000000000 0.795411626 0.017820472 0.017820472 0.366945979
21390.000000000 0.802830555 0.018068781 0.018068781 0.372058971
21400.000000000 0.800422554 0.017800823 0.017800823 0.366541389
21410.000000000 0.805925848 0.017584078 0.017584078 0.362078336
21420.000000000 0.815165532 0.017546609 0.017546609 0.361306797
21430.000000000 0.812932537 0.017998204 0.017998204 0.370605712
21440.000000000 0.809836649 0.017455080 0.017455080 0.359422100
21450.000000000 0.812561124 0.017677799 0.017677799 0.364008159
21460.000000000 0.821728961 0.017884211 0.017884211 0.368258450
21470.000000000 0.831139084 0.018363677 0.018363677 0.378131252
21480.000000000 0.831418808 0.018566560 0.018566560 0.382308876
21490.000000000 0.842414990 0.018563657 0.018563657 0.382249103
21500.000000000 0.844026552 0.018535525 0.018535525 0.381669820
21510.000000000 0.842690016 0.018815957 0.018815957 0.387444275
21520.000000000 0.843799854 0.019682082 0.019682082 0.405278880
21530.000000000 0.849143925 0.019536587 0.019536587 0.402282945
21540.000000000 0.843872484 0.019356284 0.019356284 0.398570279
21550.000000000 0.844739634 0.019310896 0.019310896 0.397635681
21560.000000000 0.837467940 0.019585746 0.019585746 0.403295187
21570.000000000 0.831124780 0.019210114 0.019210114 0.395560459
21580.000000000 0.839208805 0.019341495 0.019341495 0.398265760
21590.000000000 0.833923767 0.019674996 0.019674996 0.405132968
21600.000000000 0.835150781 0.019395275 0.019395275 0.399373156
21610.000000000 0.827173151 0.019424344 0.019424344 0.399971713
21620.000000000 0.832804373 0.019624743 0.019624743 0.404098200
21630.000000000 0.834222265 0.020129781 0.020129781 0.414497560
21640.000000000 0.845090465 0.019761504 0.019761504 0.406914273
21650.000000000 0.837338864 0.019542638 0.019542638 0.402407543
21660.000000000 0.833330502 0.019304136 0.019304136 0.397027471
21670.000000000 0.838204269 0.018948189 0.018948189 0.389706722
21680.000000000 0.835733287 0.018700004 0.018700004 0.384602301
21690.000000000 0.829802778 0.018542296 0.018542296 0.381358728
21700.000000000 0.828823091 0.018610197 0.018610197 0.382755248
21710.000000000 0.835233046 0.018447754 0.018447754 0.379414280
21720.000000000 0.835132232 0.018412244 0.018412244 0.378236066
21730.000000000 0.839153090 0.018550857 0.018550857 0.381083546
21740.000000000 0.834868690 0.018956145 0.018956145 0.389409240
21750.000000000 0.833183542 0.019281703 0.019281703 0.396097065
21760.000000000 0.840105387 0.019208312 0.019208312 0.394589412
21770.000000000 0.843210290 0.019607180 0.019607180 0.402783220
21780.000000000 0.849954733 0.019457309 0.019457309 0.399704475
21790.000000000 0.858630576 0.019257983 0.019257983 0.396078237
21800.000000000 0.855395970 0.019101347 0.019101347 0.392392066
21810.000000000 0.868608074 0.018310975 0.018310975 0.376155734
21820.000000000 0.874053018 0.018319596 0.018319596 0.376332830
21830.000000000 0.866478903 0.018520447 0.018520447 0.380458839
21840.000000000 0.861013038 0.019567237 0.019567237 0.401962683
21850.000000000 0.864596737 0.019836711 0.019836711 0.407498377
21860.000000000 0.863218699 0.019608322 0.019608322 0.402806675
21870.000000000 0.856236333 0.019386672 0.019386672 0.398724991
21880.000000000 0.873293185 0.019502963 0.019502963 0.401116731
21890.000000000 0.862641359 0.019267975 0.019267975 0.396283752
21900.000000000 0.864243384 0.019727222 0.019727222 0.405729056
21910.000000000 0.868340470 0.020316564 0.020316564 0.417850036
21920.000000000 0.856844993 0.020350572 0.020350572 0.418549472
21930.000000000 0.854463296 0.020432334 0.020432334 0.420231080
21940.000000000 0.871956203 0.020453880 0.020453880 0.420674219
21950.000000000 0.858146457 0.020630622 0.020630622 0.424309262
21960.000000000 0.862043551 0.020652837 0.020652837 0.424766153
21970.000000000 0.863024606 0.020928890 0.020928890 0.430443714
21980.000000000 0.858214940 0.020898027 0.020898027 0.429808956
21990.000000000 0.860112919 0.021284135 0.021284135 0.437750025
22000.000000000 0.873248817 0.021182831 0.021182831 0.435666523
22010.000000000 0.868659006 0.020551201 0.020551201 0.422675806
22020.000000000 0.868098845 0.020669633 0.020669633 0.425613789
22030.000000000 0.857362134 0.020925745 0.020925745 0.430887454
22040.000000000 0.860711400 0.021202297 0.021202297 0.436582010
22050.000000000 0.855096168 0.020762034 0.020762034 0.427516439
22060.000000000 0.852467749 0.020586345 0.020586345 0.423898787
22070.000000000 0.855929766 0.020746225 0.020746225 0.427190909
22080.000000000 0.855015432 0.020748366 0.020748366 0.427235012
22090.000000000 0.856964207 0.021602268 0.021602268 0.444817930
22100.000000000 0.848005566 0.020899859 0.020899859 0.430354439
22110.000000000 0.855269513 0.021051737 0.021051737 0.433481790
22120.000000000 0.853438505 0.020991009 0.020991009 0.432231336
22130.000000000 0.861231858 0.021139789 0.021139789 0.435294890
22140.000000000 0.865988752 0.020973202 0.020973202 0.431864659
22150.000000000 0.860201205 0.021144153 0.021144153 0.434871019
22160.000000000 0.858219183 0.021262170 0.021262170 0.437298283
22170.000000000 0.843605737 0.021561478 0.021561478 0.443454141
22180.000000000 0.842575964 0.020950308 0.020950308 0.430884217
22190.000000000 0.840646843 0.020537780 0.020537780 0.422399779
22200.000000000 0.830480287 0.020618618 0.020618618 0.424062369
22210.000000000 0.838736878 0.020029791 0.020029791 0.411951984
22220.000000000 0.828587948 0.020895535 0.020895535 0.429757704
22230.000000000 0.820072058 0.020380253 0.020380253 0.419159926
22240.000000000 0.815906103 0.021454199 0.021454199 0.441247740
22250.000000000 0.808800119 0.021124970 0.021124970 0.434476491
22260.000000000 0.811676581 0.020367578 0.020367578 0.418899245
22270.000000000 0.810930912 0.020530289 0.020530289 0.422245719
22280.000000000 0.804495423 0.020176691 0.020176691 0.414973274
22290.000000000 0.795836032 0.019584459 0.019584459 0.402792864
22300.000000000 0.790165688 0.019182077 0.019182077 0.394517093
22310.000000000 0.781015528 0.019289554 0.019289554 0.396727564
22320.000000000 0.784669510 0.019578766 0.019578766 0.402675779
22330.000000000 0.794707084 0.019561276 0.019561276 0.402316053
22340.000000000 0.789021104 0.019166810 0.019166810 0.394203081
22350.000000000 0.797419515 0.019088684 0.019088684 0.392596264
22360.000000000 0.809841334 0.018972489 0.018972489 0.390206490
22370.000000000 0.808541122 0.019073821 0.019073821 0.392290596
22380.000000000 0.813478396 0.019003974 0.019003974 0.390854040
22390.000000000 0.825252306 0.019109707 0.019109707 0.393028644
22400.000000000 0.830528994 0.019058008 0.019058008 0.391965354
22410.000000000 0.834423653 0.019223853 0.019223853 0.395376290
22420.000000000 0.822232203 0.019293631 0.019293631 0.396811401
22430.000000000 0.815510315 0.019042379 0.019042379 0.391643911
22440.000000000 0.810520334 0.019103512 0.019103512 0.392901239
22450.000000000 0.808108795 0.019346058 0.019346058 0.397889684
22460.000000000 0.811212127 0.019559451 0.019559451 0.402278518
22470.000000000 0.818715619 0.019538205 0.019538205 0.401841557
22480.000000000 0.817213667 0.019420729 0.019420729 0.399425433
22490.000000000 0.813570946 0.019393284 0.019393284 0.398860974
22500.000000000 0.810590498 0.018965771 0.018965771 0.390068335
22510.000000000 0.811106635 0.019841208 0.019841208 0.408073404
22520.000000000 0.812279145 0.019683383 0.019683383 0.404827420
22530.000000000 0.811811908 0.019375029 0.019375029 0.398485519
22540.000000000 0.798487583 0.019170316 0.019170316 0.394275188
22550.000000000 0.795944868 0.019176943 0.019176943 0.394411485
22560.000000000 0.803316833 0.019015886 0.019015886 0.391099045
22570.000000000 0.811081898 0.019496057 0.019496057 0.400974698
22580.000000000 0.816762476 0.020254964 0.020254964 0.416583108
22590.000000000 0.815620823 0.020163862 0.020163862 0.414709421
22600.000000000 0.812861597 0.019980972 0.019980972 0.410947924
22610.000000000 0.804230709 0.019559241 0.019559241 0.402274209
22620.000000000 0.804249028 0.019439933 0.019439933 0.399820396
22630.000000000 0.809525427 0.020566598 0.020566598 0.422992478
22640.000000000 0.803724604 0.020620457 0.020620457 0.424100196
22650.000000000 0.804745132 0.021065746 0.021065746 0.433258439
22660.000000000 0.810162048 0.021160066 0.021160066 0.435198307
22670.000000000 0.807405529 0.020747335 0.020747335 0.426709694
22680.000000000 0.804855421 0.020788804 0.020788804 0.427562575
22690.000000000 0.805187631 0.020898012 0.020898012 0.429808660
22700.000000000 0.816360854 0.019735447 0.019735447 0.405898225
22710.000000000 0.809347242 0.019792043 0.019792043 0.407062223
22720.000000000 0.799483354 0.019336230 0.019336230 0.397687537
22730.000000000 0.798527209 0.020156006 0.020156006 0.414547838
22740.000000000 0.797092181 0.020378794 0.020378794 0.419129924
22750.000000000 0.788151702 0.019970630 0.019970630 0.410735230
22760.000000000 0.777041910 0.020187677 0.020187677 0.415199227
22770.000000000 0.777981345 0.020473910 0.020473910 0.421086156
22780.000000000 0.794465252 0.020510027 0.020510027 0.421828992
22790.000000000 0.778702331 0.021080564 0.021080564 0.434075370
22800.000000000 0.777652550 0.020465490 0.020465490 0.421410225
22810.000000000 0.766325493 0.019989692 0.019989692 0.411612960
22820.000000000 0.775475290 0.020262392 0.020262392 0.417228186
22830.000000000 0.784840184 0.020072982 0.020072982 0.413328003
22840.000000000 0.789619482 0.020396513 0.020396513 0.419989904
22850.000000000 0.788855327 0.020290006 0.020290006 0.417796802
22860.000000000 0.786163602 0.020162509 0.020162509 0.415171471
22870.000000000 0.790906752 0.020137397 0.020137397 0.414654380
22880.000000000 0.790835428 0.020133370 0.020133370 0.414571453
22890.000000000 0.791997244 0.020014218 0.020014218 0.412117967
22900.000000000 0.777629324 0.019686698 0.019686698 0.405373917
22910.000000000 0.776360564 0.019350638 0.019350638 0.398454028
22920.000000000 0.780750490 0.019390632 0.019390632 0.399277557
22930.000000000 0.769035006 0.019472074 0.019472074 0.400954547
22940.000000000 0.762702534 0.019178463 0.019178463 0.394908719
22950.000000000 0.758460525 0.019109799 0.019109799 0.393494840
22960.000000000 0.768709669 0.019598809 0.019598809 0.403564177
22970.000000000 0.776010073 0.020020164 0.020020164 0.412240415
22980.000000000 0.780593192 0.019700698 0.019700698 0.405662203
22990.000000000 0.781512501 0.019474256 0.019474256 0.400999464
23000.000000000 0.777765937 0.019633447 0.019633447 0.404277413
23010.000000000 0.781468687 0.019986129 0.019986129 0.411539583
23020.000000000 0.781113173 0.020557581 0.020557581 0.423306500
23030.000000000 0.784780412 0.020590185 0.020590185 0.423977851
23040.000000000 0.785883970 0.020762073 0.020762073 0.427517254
23050.000000000 0.793929515 0.021013044 0.021013044 0.432685058
23060.000000000 0.788580748 0.021606160 0.021606160 0.444898072
23070.000000000 0.790924931 0.021661631 0.021661631 0.446040288
23080.000000000 0.788818453 0.020711295 0.020711295 0.426471667
23090.000000000 0.784209872 0.020285441 0.020285441 0.417702804
23100.000000000 0.776911130 0.020446193 0.020446193 0.421012879
23110.000000000 0.782896878 0.020580129 0.020580129 0.423770801
23120.000000000 0.778540597 0.020455916 0.020455916 0.421213082
23130.000000000 0.784116715 0.019903243 0.019903243 0.409832853
23140.000000000 0.785214053 0.019694560 0.019694560 0.405535808
23150.000000000 0.782635386 0.019489938 0.019489938 0.401322382
23160.000000000 0.780247239 0.020192935 0.020192935 0.415797979
23170.000000000 0.795246486 0.019925471 0.019925471 0.410290564
23180.000000000 0.798075960 0.020121537 0.020121537 0.414327807
23190.000000000 0.793482193 0.019922278 0.019922278 0.410224802
23200.000000000 0.785671368 0.020330167 0.020330167 0.418623757
23210.000000000 0.787499091 0.021052516 0.021052516 0.433497833
23220.000000000 0.787245382 0.020922566 0.020922566 0.430822006
23230.000000000 0.782988891 0.020496067 0.020496067 0.422039854
23240.000000000 0.778499080 0.020794607 0.020794607 0.428187158
23250.000000000 0.778232267 0.020369200 0.020369200 0.419427492
23260.000000000 0.784239073 0.020388751 0.020388751 0.419830084
23270.000000000 0.791848274 0.020201152 0.020201152 0.415967184
23280.000000000 0.786209843 0.019880329 0.019880329 0.409361027
23290.000000000 0.782595871 0.020229197 0.020229197 0.416544652
23300.000000000 0.775394873 0.020881841 0.020881841 0.429983417
23310.000000000 0.791719910 0.020659431 0.020659431 0.425403727
23320.000000000 0.791023694 0.020436417 0.020436417 0.420811582
23330.000000000 0.795738118 0.020156563 0.020156563 0.415049042
23340.000000000 0.798077380 0.020568974 0.020568974 0.423541106
23350.000000000 0.789573358 0.021589814 0.021589814 0.444561475
23360.000000000 0.783684902 0.021928930 0.021928930 0.451544298
23370.000000000 0.772944051 0.021633751 0.021633751 0.445466189
23380.000000000 0.773329981 0.021758650 0.021758650 0.448038034
23390.000000000 0.767069541 0.022744308 0.022744308 0.468333968
23400.000000000 0.773380302 0.022336765 0.022336765 0.459942142
23410.000000000 0.775156641 0.022008854 0.022008854 0.453190035
23420.000000000 0.764907981 0.021586729 0.021586729 0.444497946
23430.000000000 0.780193536 0.020713810 0.020713810 0.426523451
23440.000000000 0.792343983 0.021163276 0.021163276 0.435778535
23450.000000000 0.794549312 0.021156611 0.021156611 0.435127247
23460.000000000 0.783251406 0.020967155 0.020967155 0.431230725
23470.000000000 0.779409483 0.020564047 0.020564047 0.422940007
23480.000000000 0.778884041 0.020719827 0.020719827 0.426143925
23490.000000000 0.776855039 0.021493785 0.021493785 0.442061891
23500.000000000 0.777842882 0.021435066 0.021435066 0.440854222
23510.000000000 0.780592630 0.021239931 0.021239931 0.436840889
23520.000000000 0.795257709 0.021069149 0.021069149 0.433328420
23530.000000000 0.802375464 0.021105440 0.021105440 0.434074825
23540.000000000 0.803532028 0.022415940 0.022415940 0.461027836
23550.000000000 0.807438974 0.022031432 0.022031432 0.453119655
23560.000000000 0.826140800 0.021644909 0.021644909 0.445170067
23570.000000000 0.821090051 0.020975898 0.020975898 0.431410540
23580.000000000 0.825321686 0.021041351 0.021041351 0.432756695
23590.000000000 0.827776898 0.020065136 0.020065136 0.412678926
23600.000000000 0.829951559 0.020067930 0.020067930 0.412736396
23610.000000000 0.827277036 0.019884795 0.019884795 0.408969851
23620.000000000 0.832903192 0.019819404 0.019819404 0.407624955
23630.000000000 0.839086482 0.020281829 0.020281829 0.417135639
23640.000000000 0.836446148 0.020723923 0.020723923 0.426228170
23650.000000000 0.837631061 0.020926776 0.020926776 0.430400246
23660.000000000 0.832353891 0.021426352 0.021426352 0.440675013
23670.000000000 0.835650134 0.021334343 0.021334343 0.438782666
23680.000000000 0.842734647 0.021940296 0.021940296 0.451245274
23690.000000000 0.831131544 0.022035368 0.022035368 0.453200615
23700.000000000 0.819761006 0.022012080 0.022012080 0.452721654
23710.000000000 0.817105068 0.021891159 0.021891159 0.450234666
23720.000000000 0.821112764 0.021631389 0.021631389 0.444891997
23730.000000000 0.824756657 0.021800864 0.021800864 0.448377572
23740.000000000 0.826637771 0.021678574 0.021678574 0.445862442
23750.000000000 0.824893409 0.021623688 0.021623688 0.444733600
23760.000000000 0.824095929 0.021928757 0.021928757 0.451007942
23770.000000000 0.817733073 0.021478571 0.021478571 0.441748990
23780.000000000 0.807941912 0.021788368 0.021788368 0.448120581
23790.000000000 0.802296373 0.020276273 0.020276273 0.417021368
23800.000000000 0.808336358 0.021181627 0.021181627 0.435641765
23810.000000000 0.803729370 0.020760708 0.020760708 0.426984727
23820.000000000 0.795600742 0.021498501 0.021498501 0.442158888
23830.000000000 0.801020011 0.021504987 0.021504987 0.441769174
23840.000000000 0.794454848 0.022150643 0.022150643 0.455032660
23850.000000000 0.800991846 0.022893578 0.022893578 0.470294497
23860.000000000 0.792580237 0.023316342 0.023316342 0.478979183
23870.000000000 0.776282774 0.022914994 0.022914994 0.470734442
23880.000000000 0.774654079 0.023013639 0.023013639 0.472760877
23890.000000000 0.770124085 0.021705437 0.021705437 0.445886950
23900.000000000 0.771425553 0.021395059 0.021395059 0.439510965
23910.000000000 0.775116777 0.021063353 0.021063353 0.432696853
23920.000000000 0.762112967 0.020949383 0.020949383 0.430355594
23930.000000000 0.750427910 0.021584516 0.021584516 0.443402903
23940.000000000 0.759240590 0.021830550 0.021830550 0.448457099
23950.000000000 0.759055785 0.021964665 0.021964665 0.450677256
23960.000000000 0.761656242 0.022167178 0.022167178 0.454832462
23970.000000000 0.757297325 0.022363063 0.022363063 0.458851681
23980.000000000 0.763593988 0.021931729 0.021931729 0.450001449
23990.000000000 0.761524215 0.021326217 0.021326217 0.437577391
24000.000000000 0.767872097 0.020404411 0.020404411 0.418663515
24010.000000000 0.771299552 0.021463331 0.021463331 0.440390741
24020.000000000 0.774824149 0.020844124 0.020844124 0.427685669
24030.000000000 0.791626135 0.019899251 0.019899251 0.408298485
24040.000000000 0.793999246 0.020034723 0.020034723 0.411078148
24050.000000000 0.791131677 0.020432206 0.020432206 0.419233819
24060.000000000 0.791313833 0.020338936 0.020338936 0.417320072
24070.000000000 0.784769730 0.020346967 0.020346967 0.417484858
24080.000000000 0.780258026 0.020560667 0.020560667 0.421869608
24090.000000000 0.785173218 0.020795871 0.020795871 0.426695590
24100.000000000 0.774582387 0.021214769 0.021214769 0.435290657
24110.000000000 0.781097277 0.021428634 0.021428634 0.439156315
24120.000000000 0.781227878 0.022206204 0.022206204 0.455091749
24130.000000000 0.779976704 0.022476680 0.022476680 0.460634874
24140.000000000 0.784137819 0.021824837 0.021824837 0.447276065
24150.000000000 0.776995187 0.021165932 0.021165932 0.433772524
24160.000000000 0.771099426 0.021576394 0.021576394 0.442184497
24170.000000000 0.780410379 0.021582309 0.021582309 0.442305723
24180.000000000 0.779213630 0.021670107 0.021670107 0.444105039
24190.000000000 0.776467236 0.021888992 0.021888992 0.448590849
24200.000000000 0.774492186 0.021570766 0.021570766 0.442069162
24210.000000000 0.772993396 0.021260896 0.021260896 0.435718711
24220.000000000 0.773941832 0.021449117 0.021449117 0.439576090
24230.000000000 0.772859922 0.021517777 0.021517777 0.440983201
24240.000000000 0.772439708 0.021815577 0.021815577 0.447086295
24250.000000000 0.770572547 0.021052908 0.021052908 0.431456222
24260.000000000 0.772250477 0.021176977 0.021176977 0.433998872
24270.000000000 0.767249470 0.020950851 0.020950851 0.429364684
24280.000000000 0.769755399 0.021577999 0.021577999 0.442217387
24290.000000000 0.773508287 0.021409712 0.021409712 0.438768537
24300.000000000 0.778883985 0.019921126 0.019921126 0.408261592
24310.000000000 0.779808050 0.019463413 0.019463413 0.398881266
24320.000000000 0.784174486 0.019424330 0.019424330 0.398080306
24330.000000000 0.789778860 0.020267288 0.020267288 0.415355802
24340.000000000 0.775990120 0.021085191 0.021085191 0.432117837
24350.000000000 0.789734170 0.021360681 0.021360681 0.438804743
24360.000000000 0.789074467 0.020971962 0.020971962 0.430819432
24370.000000000 0.791756817 0.021313954 0.021313954 0.437844849
24380.000000000 0.789444667 0.020958760 0.020958760 0.430548224
24390.000000000 0.794014067 0.021490158 0.021490158 0.441464544
24400.000000000 0.793203894 0.021693392 0.021693392 0.445639511
24410.000000000 0.796934753 0.021242256 0.021242256 0.436371988
24420.000000000 0.795015838 0.020829829 0.020829829 0.427899648
24430.000000000 0.791027684 0.021047315 0.021047315 0.432367392
24440.000000000 0.800940137 0.021225715 0.021225715 0.436032199
24450.000000000 0.804437084 0.020547090 0.020547090 0.422591265
24460.000000000 0.794197203 0.020716753 0.020716753 0.426080714
24470.000000000 0.798668406 0.020508573 0.020508573 0.421799086
24480.000000000 0.796768049 0.019831496 0.019831496 0.407873659
24490.000000000 0.791486382 0.020168572 0.020168572 0.414806292
24500.000000000 0.795822780 0.020469136 0.020469136 0.420987974
24510.000000000 0.801809023 0.020519982 0.020519982 0.422033722
24520.000000000 0.798880721 0.020415367 0.020415367 0.419882115
24530.000000000 0.785028763 0.020861303 0.020861303 0.429053669
24540.000000000 0.785800922 0.021027614 0.021027614 0.432474170
24550.000000000 0.781298620 0.021231258 0.021231258 0.436146058
24560.000000000 0.794189296 0.020993382 0.020993382 0.431770131
24570.000000000 0.796678499 0.020358491 0.020358491 0.418712355
24580.000000000 0.794122798 0.020538310 0.020538310 0.422410684
24590.000000000 0.797558725 0.020828067 0.020828067 0.428370103
24600.000000000 0.799846960 0.020020339 0.020020339 0.411757587
24610.000000000 0.796552250 0.020582888 0.020582888 0.423327510
24620.000000000 0.797439970 0.020463578 0.020463578 0.420873676
24630.000000000 0.798591853 0.020893726 0.020893726 0.429720509
24640.000000000 0.803076837 0.021433967 0.021433967 0.440831617
24650.000000000 0.812653557 0.021193803 0.021193803 0.435892173
24660.000000000 0.797281608 0.020829663 0.020829663 0.428402933
24670.000000000 0.788518560 0.020938355 0.020938355 0.430638399
24680.000000000 0.790680822 0.020855084 0.020855084 0.428925750
24690.000000000 0.789637628 0.021019499 0.021019499 0.432307277
24700.000000000 0.805416557 0.020894375 0.020894375 0.429733856
24710.000000000 0.800549133 0.021349739 0.021349739 0.439099311
24720.000000000 0.803814367 0.022183277 0.022183277 0.456242660
24730.000000000 0.817458863 0.022404298 0.022404298 0.460788378
24740.000000000 0.835631851 0.022741366 0.022741366 0.467720851
24750.000000000 0.829792875 0.022132630 0.022132630 0.455201001
24760.000000000 0.825806626 0.022243263 0.022243263 0.457476394
24770.000000000 0.816961170 0.022097393 0.022097393 0.454476278
24780.000000000 0.808008258 0.021875086 0.021875086 0.450435592
24790.000000000 0.811711964 0.022006083 0.022006083 0.453132978
24800.000000000 0.804329775 0.021660310 0.021660310 0.446013083
24810.000000000 0.802380748 0.022125634 0.022125634 0.455594694
24820.000000000 0.790312683 0.022760654 0.022760654 0.468670546
24830.000000000 0.790484975 0.023177580 0.023177580 0.477255582
24840.000000000 0.796351861 0.023009651 0.023009651 0.473797706
24850.000000000 0.791305339 0.023541863 0.023541863 0.485327935
24860.000000000 0.796238352 0.022950261 0.022950261 0.473131754
24870.000000000 0.799790101 0.022613493 0.022613493 0.466189104
24880.000000000 0.798289755 0.022486369 0.022486369 0.463568373
24890.000000000 0.794897108 0.022076664 0.022076664 0.455122084
24900.000000000 0.801815297 0.021526939 0.021526939 0.443789217
24910.000000000 0.797759377 0.021421568 0.021421568 0.441616941
24920.000000000 0.793032208 0.021903292 0.021903292 0.451547928
24930.000000000 0.794219639 0.022010659 0.022010659 0.453761356
24940.000000000 0.796714001 0.022258383 0.022258383 0.458868319
24950.000000000 0.797619783 0.021156406 0.021156406 0.436150489
24960.000000000 0.801092939 0.021056789 0.021056789 0.434096833
24970.000000000 0.798492136 0.020894694 0.020894694 0.430755154
24980.000000000 0.801169258 0.020723106 0.020723106 0.427217782
24990.000000000 0.801605436 0.020727858 0.020727858 0.427315746
25000.000000000 0.800270493 0.020665919 0.020665919 0.426038837
25010.000000000 0.803313859 0.020517460 0.020517460 0.422978282
25020.000000000 0.796770564 0.021105261 0.021105261 0.435096103
25030.000000000 0.789995565 0.021531790 0.021531790 0.443889230
25040.000000000 0.788683325 0.021109079 0.021109079 0.435174802
25050.000000000 0.789193515 0.021791670 0.021791670 0.449246795
25060.000000000 0.788696200 0.021945331 0.021945331 0.452414592
25070.000000000 0.791081993 0.022500849 0.022500849 0.463866877
25080.000000000 0.796022605 0.022846182 0.022846182 0.470986105
25090.000000000 0.791891552 0.022424374 0.022424374 0.462290311
25100.000000000 0.802297587 0.021500296 0.021500296 0.443239952
25110.000000000 0.817107746 0.022447492 0.022447492 0.462766911
25120.000000000 0.820354557 0.022042808 0.022042808 0.454424136
25130.000000000 0.825822720 0.022108413 0.022108413 0.455776611
25140.000000000 0.826987885 0.022239712 0.022239712 0.458483413
25150.000000000 0.828899571 0.022003390 0.022003390 0.453611500
25160.000000000 0.827988293 0.022147881 0.022147881 0.456590271
25170.000000000 0.819218305 0.021440309 0.021440309 0.442003284
25180.000000000 0.825539968 0.020593067 0.020593067 0.424536957
25190.000000000 0.822503211 0.020568767 0.020568767 0.424035988
25200.000000000 0.830974491 0.020986473 0.020986473 0.432647230
25210.000000000 0.835660545 0.020914418 0.020914418 0.431161769
25220.000000000 0.823482840 0.021061822 0.021061822 0.434200587
25230.000000000 0.817605934 0.021062883 0.021062883 0.434222448
25240.000000000 0.811673864 0.021585102 0.021585102 0.444988283
25250.000000000 0.809224905 0.022408584 0.022408584 0.461964797
25260.000000000 0.815839529 0.022678541 0.022678541 0.467530107
25270.000000000 0.812655967 0.022659162 0.022659162 0.467130596
25280.000000000 0.810739618 0.022087320 0.022087320 0.455341775
25290.000000000 0.818198043 0.022283353 0.022283353 0.459383085
25300.000000000 0.806499623 0.021699366 0.021699366 0.447343890
25310.000000000 0.813325921 0.021191379 0.021191379 0.436871467
25320.000000000 0.814683581 0.022097184 0.022097184 0.455545110
25330.000000000 0.815047749 0.021333726 0.021333726 0.439806026
25340.000000000 0.806214380 0.021402290 0.021402290 0.441219507
25350.000000000 0.804769895 0.022075962 0.022075962 0.455107625
25360.000000000 0.790456817 0.022118302 0.022118302 0.455980472
25370.000000000 0.774511190 0.021493257 0.021493257 0.443094853
25380.000000000 0.771184705 0.021171084 0.021171084 0.436453083
25390.000000000 0.765384145 0.021000566 0.021000566 0.432937765
25400.000000000 0.757025858 0.021113930 0.021113930 0.435274812
25410.000000000 0.765021032 0.020705140 0.020705140 0.426344927
25420.000000000 0.763377290 0.020732460 0.020732460 0.426907473
25430.000000000 0.774532423 0.020879833 0.020879833 0.429942070
25440.000000000 0.778551898 0.021101688 0.021101688 0.434510357
25450.000000000 0.797373946 0.021331595 0.021331595 0.439244421
25460.000000000 0.800112654 0.022057578 0.022057578 0.454193339
25470.000000000 0.800471320 0.021899871 0.021899871 0.450945948
25480.000000000 0.796500800 0.022029226 0.022029226 0.453609525
25490.000000000 0.806066973 0.022264391 0.022264391 0.458451862
25500.000000000 0.802930810 0.021752575 0.021752575 0.447912934
25510.000000000 0.803537436 100000000000000000000.000000000 0.021609972 0.444976563
25520.000000000 0.804312038 100000000000000000000.000000000 0.022633781 0.466058079
25530.000000000 0.806852779 100000000000000000000.000000000 0.021626225 0.445311229
25540.000000000 0.814956702 100000000000000000000.000000000 0.022421228 0.461681336
25550.000000000 0.823509032 100000000000000000000.000000000 0.021698944 0.446808601
25560.000000000 0.825247247 100000000000000000000.000000000 0.022363168 0.460485804
25570.000000000 0.835806578 100000000000000000000.000000000 0.021537208 0.443478262
25580.000000000 0.837608990 100000000000000000000.000000000 0.021819252 0.449285899
25590.000000000 0.836718085 100000000000000000000.000000000 0.024055102 0.495324866
25600.000000000 0.839253375 100000000000000000000.000000000 0.024177355 0.497842211
25610.000000000 0.850634359 100000000000000000000.000000000 0.025310627 0.521177716
25620.000000000 0.859510800 100000000000000000000.000000000 0.026306262 0.541679087
25630.000000000 0.855950016 100000000000000000000.000000000 0.027070529 0.557416301
25640.000000000 0.872678556 100000000000000000000.000000000 0.027814339 0.572732296
25650.000000000 0.888944911 100000000000000000000.000000000 0.028123866 0.579105840
25660.000000000 0.907786037 100000000000000000000.000000000 0.027244204 0.560992496
25670.000000000 0.935933770 100000000000000000000.000000000 0.027523821 0.566750157
25680.000000000 0.948396906 100000000000000000000.000000000 0.028497837 0.586806384
25690.000000000 0.971486355 100000000000000000000.000000000 0.029746799 0.612524072
25700.000000000 0.999549366 100000000000000000000.000000000 0.031816306 0.655137847
25710.000000000 1.030764842 100000000000000000000.000000000 0.031061219 0.639589653
25720.000000000 1.048330991 100000000000000000000.000000000 0.032342606 0.665975013
25730.000000000 1.083999735 100000000000000000000.000000000 0.033264607 0.684960173
25740.000000000 1.105226470 100000000000000000000.000000000 0.034764397 0.715842755
25750.000000000 1.129862499 100000000000000000000.000000000 0.034761105 0.715774951
25760.000000000 1.153277720 100000000000000000000.000000000 0.034985773 0.720401167
25770.000000000 1.168089340 100000000000000000000.000000000 0.035548713 0.731992810
25780.000000000 1.202786006 100000000000000000000.000000000 0.036937764 0.760595118
25790.000000000 1.247522301 100000000000000000000.000000000 0.038327640 0.789214421
25800.000000000 1.276733865 100000000000000000000.000000000 0.039051696 0.804123639
25810.000000000 1.298931722 100000000000000000000.000000000 0.038915146 0.801311898
25820.000000000 1.326756547 100000000000000000000.000000000 0.040154635 0.826834536
25830.000000000 1.363441049 100000000000000000000.000000000 0.041210171 0.848569351
25840.000000000 1.384191404 100000000000000000000.000000000 0.042361270 0.872271940
25850.000000000 1.411281523 100000000000000000000.000000000 0.043448671 0.894662901
25860.000000000 1.413805904 100000000000000000000.000000000 0.043313142 0.891872178
25870.000000000 1.421706627 100000000000000000000.000000000 0.043427633 0.894229693
25880.000000000 1.425278638 100000000000000000000.000000000 0.042552104 0.876201450
25890.000000000 1.446783881 100000000000000000000.000000000 0.041700488 0.858665600
25900.000000000 1.433397320 100000000000000000000.000000000 0.041482827 0.854183681
25910.000000000 1.422893553 100000000000000000000.000000000 0.042494191 0.875008939
25920.000000000 1.408171074 100000000000000000000.000000000 0.042201229 0.868976486
25930.000000000 1.384276216 100000000000000000000.000000000 0.041278960 0.849985819
25940.000000000 1.379601195 100000000000000000000.000000000 0.041120225 0.846717256
25950.000000000 1.351244149 100000000000000000000.000000000 0.039850579 0.820573641
25960.000000000 1.322462977 100000000000000000000.000000000 0.039202769 0.807234420
25970.000000000 1.288347792 100000000000000000000.000000000 0.038255694 0.787732944
25980.000000000 1.235824148 100000000000000000000.000000000 0.037429102 0.770712383
25990.000000000 1.199366811 100000000000000000000.000000000 0.037185360 0.765693429
26000.000000000 1.186937790 100000000000000000000.000000000 0.035947730 0.740209072
26010.000000000 1.148475166 100000000000000000000.000000000 0.034396560 0.708268522
26020.000000000 1.105485950 100000000000000000000.000000000 0.034012869 0.700367842
26030.000000000 1.068524446 100000000000000000000.000000000 0.033534689 0.690521508
26040.000000000 1.075801685 100000000000000000000.000000000 0.031861298 0.655290153
26050.000000000 1.051628500 100000000000000000000.000000000 0.031815008 0.654338118
26060.000000000 1.026504037 100000000000000000000.000000000 0.031362025 0.645021635
26070.000000000 1.009046741 100000000000000000000.000000000 0.030313564 0.623457974
26080.000000000 0.997112508 100000000000000000000.000000000 0.030136464 0.619815561
26090.000000000 0.990755343 100000000000000000000.000000000 0.029274632 0.602090287
26100.000000000 0.946494215 100000000000000000000.000000000 0.028191796 0.579819653
26110.000000000 0.930820200 100000000000000000000.000000000 0.028545765 0.587099712
26120.000000000 0.937091447 100000000000000000000.000000000 0.027999013 0.575854680
26130.000000000 0.926599221 100000000000000000000.000000000 0.027814521 0.572060250
26140.000000000 0.909009435 100000000000000000000.000000000 0.027115060 0.557674466
26150.000000000 0.903250303 100000000000000000000.000000000 0.026107389 0.536949723
26160.000000000 0.907534476 100000000000000000000.000000000 0.025893950 0.532559929
26170.000000000 0.896777955 100000000000000000000.000000000 0.025432528 0.523069883
26180.000000000 0.897845131 100000000000000000000.000000000 0.024525742 0.504420054
26190.000000000 0.891719041 100000000000000000000.000000000 0.024429484 0.502440316
26200.000000000 0.895754735 100000000000000000000.000000000 0.025343209 0.521232866
26210.000000000 0.890267280 100000000000000000000.000000000 0.025318992 0.520734791
26220.000000000 0.901488678 100000000000000000000.000000000 0.025341879 0.521205514
26230.000000000 0.895427724 0.025031467 0.025031467 0.514821277
26240.000000000 0.889429748 0.024792615 0.024792615 0.509908805
26250.000000000 0.870001560 0.025647325 0.025647325 0.527487612
26260.000000000 0.863996621 0.026091113 0.026091113 0.536614973
26270.000000000 0.877363461 0.025214744 0.025214744 0.518590736
26280.000000000 0.864035879 0.024558901 0.024558901 0.504504631
26290.000000000 0.867191848 0.025007263 0.025007263 0.513715157
26300.000000000 0.862200334 0.025451809 0.025451809 0.522847305
26310.000000000 0.850950222 0.025419251 0.025419251 0.522178492
26320.000000000 0.859517513 0.025238187 0.025238187 0.517844301
26330.000000000 0.869722209 0.024774001 0.024774001 0.508320006
26340.000000000 0.868300847 0.025410371 0.025410371 0.521377215
26350.000000000 0.858989575 0.025382802 0.025382802 0.520811548
26360.000000000 0.848651392 0.025429010 0.025429010 0.521759666
26370.000000000 0.841424358 0.025893778 0.025893778 0.531295915
26380.000000000 0.852334831 0.025881092 0.025881092 0.531035608
26390.000000000 0.854063299 0.025054078 0.025054078 0.514066704
26400.000000000 0.853292212 0.025296832 0.025296832 0.519047594
26410.000000000 0.869730044 0.025221785 0.025221785 0.517507764
26420.000000000 0.863895703 0.025154716 0.025154716 0.516131620
26430.000000000 0.853855976 0.025609667 0.025609667 0.525466438
26440.000000000 0.852686634 0.026098043 0.026098043 0.535487073
26450.000000000 0.848918589 0.026773145 0.026773145 0.549339011
26460.000000000 0.838574052 0.026055936 0.026055936 0.533987777
26470.000000000 0.846549535 0.026079294 0.026079294 0.533192423
26480.000000000 0.855853316 0.026948862 0.026948862 0.550970790
26490.000000000 0.872501203 100000000000000000000.000000000 0.027243207 0.556988692
26500.000000000 0.883956109 100000000000000000000.000000000 0.027091384 0.553884651
26510.000000000 0.880785080 100000000000000000000.000000000 0.027550091 0.563262948
26520.000000000 0.894861628 100000000000000000000.000000000 0.027641803 0.565138000
26530.000000000 0.905772553 100000000000000000000.000000000 0.027975234 0.571955009
26540.000000000 0.922710004 100000000000000000000.000000000 0.027147227 0.555026361
26550.000000000 0.924292748 100000000000000000000.000000000 0.027065093 0.553347127
26560.000000000 0.934716022 100000000000000000000.000000000 0.027323722 0.558634822
26570.000000000 0.953720311 100000000000000000000.000000000 0.027422286 0.560649960
26580.000000000 0.969009570 100000000000000000000.000000000 0.027231755 0.556754543
26590.000000000 0.979974338 100000000000000000000.000000000 0.027798866 0.569028586
26600.000000000 0.995039896 100000000000000000000.000000000 0.026508026 0.542605768
26610.000000000 0.989782788 100000000000000000000.000000000 0.027233217 0.557450044
26620.000000000 0.996238340 100000000000000000000.000000000 0.027017083 0.553025892
26630.000000000 1.005316870 100000000000000000000.000000000 0.027283504 0.558479398
26640.000000000 1.029038298 100000000000000000000.000000000 0.028063774 0.574451121
26650.000000000 1.051840945 100000000000000000000.000000000 0.027753804 0.568106201
26660.000000000 1.070703363 100000000000000000000.000000000 0.028621564 0.585868795
26670.000000000 1.083579154 100000000000000000000.000000000 0.028696265 0.587397893
26680.000000000 1.090372213 100000000000000000000.000000000 0.028807511 0.589675034
26690.000000000 1.117114766 100000000000000000000.000000000 0.029789115 0.609767974
26700.000000000 1.128537872 100000000000000000000.000000000 0.030494997 0.624217015
26710.000000000 1.120970165 100000000000000000000.000000000 0.029958209 0.613960581
26720.000000000 1.107954646 100000000000000000000.000000000 0.029719495 0.609068405
26730.000000000 1.151434289 100000000000000000000.000000000 0.030402653 0.623068972
26740.000000000 1.182704975 100000000000000000000.000000000 0.030377826 0.622560171
26750.000000000 1.206091584 100000000000000000000.000000000 0.030141378 0.617714432
26760.000000000 1.214943014 100000000000000000000.000000000 0.030384240 0.622691613
26770.000000000 1.244444844 100000000000000000000.000000000 0.031015591 0.635630464
26780.000000000 1.287097455 100000000000000000000.000000000 0.030260806 0.620161972
26790.000000000 1.312622352 100000000000000000000.000000000 0.031064782 0.636638586
26800.000000000 1.335748931 100000000000000000000.000000000 0.032325332 0.662472168
26810.000000000 1.385135620 100000000000000000000.000000000 0.033713194 0.690914870
26820.000000000 1.399950033 100000000000000000000.000000000 0.035310925 0.723658617
26830.000000000 1.404750903 100000000000000000000.000000000 0.034737174 0.711900224
26840.000000000 1.415553377 100000000000000000000.000000000 0.035282616 0.723078466
26850.000000000 1.424554821 100000000000000000000.000000000 0.035145622 0.720270911
26860.000000000 1.427855732 100000000000000000000.000000000 0.037348923 0.765425158
26870.000000000 1.443597939 100000000000000000000.000000000 0.036124681 0.740335648
26880.000000000 1.453868004 100000000000000000000.000000000 0.035101931 0.719375525
26890.000000000 1.459026627 100000000000000000000.000000000 0.034414850 0.705294549
26900.000000000 1.450466199 100000000000000000000.000000000 0.033449154 0.685503661
26910.000000000 1.432928587 100000000000000000000.000000000 0.033990758 0.696603248
26920.000000000 1.423172660 100000000000000000000.000000000 0.033598875 0.688572042
26930.000000000 1.425627385 100000000000000000000.000000000 0.033314935 0.682753005
26940.000000000 1.426430906 100000000000000000000.000000000 0.033819628 0.693096125
26950.000000000 1.423116388 100000000000000000000.000000000 0.033041863 0.677156684
26960.000000000 1.403871520 100000000000000000000.000000000 0.031086337 0.637080339
26970.000000000 1.381163323 100000000000000000000.000000000 0.031095649 0.637271162
26980.000000000 1.378643119 100000000000000000000.000000000 0.030940526 0.634092083
26990.000000000 1.352188657 100000000000000000000.000000000 0.031127520 0.637924326
27000.000000000 1.329050335 100000000000000000000.000000000 0.031027908 0.635882885
27010.000000000 1.303132169 100000000000000000000.000000000 0.031088163 0.637117743
27020.000000000 1.277845591 100000000000000000000.000000000 0.030855003 0.632339391
27030.000000000 1.257685640 100000000000000000000.000000000 0.028710250 0.588385032
27040.000000000 1.214995625 100000000000000000000.000000000 0.028363042 0.581269386
27050.000000000 1.176837239 100000000000000000000.000000000 0.027689486 0.567465592
27060.000000000 1.143758141 100000000000000000000.000000000 0.026992282 0.553177173
27070.000000000 1.107800028 100000000000000000000.000000000 0.027405389 0.561643349
27080.000000000 1.088534423 100000000000000000000.000000000 0.027325658 0.560009348
27090.000000000 1.069333431 100000000000000000000.000000000 0.027296104 0.559403670
27100.000000000 1.045227160 100000000000000000000.000000000 0.027785222 0.569427604
27110.000000000 1.031357094 100000000000000000000.000000000 0.027644076 0.566534966
27120.000000000 1.006734833 100000000000000000000.000000000 0.027814069 0.570018788
27130.000000000 0.999949523 100000000000000000000.000000000 0.028333274 0.580659328
27140.000000000 0.980027909 100000000000000000000.000000000 0.028860407 0.591462344
27150.000000000 0.961084425 100000000000000000000.000000000 0.029088462 0.595425977
27160.000000000 0.958338213 100000000000000000000.000000000 0.029613250 0.606168104
27170.000000000 0.944739094 100000000000000000000.000000000 0.029708758 0.608123102
27180.000000000 0.931427646 100000000000000000000.000000000 0.029169610 0.597087029
27190.000000000 0.904388223 100000000000000000000.000000000 0.029266138 0.599062911
27200.000000000 0.890332340 100000000000000000000.000000000 0.029713260 0.608215273
27210.000000000 0.894999984 100000000000000000000.000000000 0.028367999 0.580678467
27220.000000000 0.881483863 100000000000000000000.000000000 0.028169288 0.575922456
27230.000000000 0.888003574 100000000000000000000.000000000 0.026906532 0.550105346
27240.000000000 0.886450544 100000000000000000000.000000000 0.027314069 0.558437455
27250.000000000 0.880572473 100000000000000000000.000000000 0.026355461 0.539482825
27260.000000000 0.881631896 100000000000000000000.000000000 0.026550690 0.543479071
27270.000000000 0.875080429 100000000000000000000.000000000 0.027190806 0.556581918
27280.000000000 0.879185475 100000000000000000000.000000000 0.027527282 0.563469414
27290.000000000 0.874536881 100000000000000000000.000000000 0.027020705 0.553100045
27300.000000000 0.877171004 100000000000000000000.000000000 0.027863100 0.570343437
27310.000000000 0.875494675 100000000000000000000.000000000 0.027652760 0.566037884
27320.000000000 0.875558227 100000000000000000000.000000000 0.028234499 0.577945781
27330.000000000 0.881231586 100000000000000000000.000000000 0.028411668 0.581572335
27340.000000000 0.898822643 100000000000000000000.000000000 0.028060911 0.574392526
27350.000000000 0.906990554 100000000000000000000.000000000 0.028606324 0.586255191
27360.000000000 0.914947869 100000000000000000000.000000000 0.027923655 0.572264629
27370.000000000 0.930136714 100000000000000000000.000000000 0.029051794 0.595384610
27380.000000000 0.950694620 100000000000000000000.000000000 0.028892351 0.592116998
27390.000000000 0.965410188 100000000000000000000.000000000 0.027978127 0.573380990
27400.000000000 0.978855491 100000000000000000000.000000000 0.028014490 0.574809280
27410.000000000 0.999099661 100000000000000000000.000000000 0.027847679 0.571386592
27420.000000000 1.007958196 100000000000000000000.000000000 0.027795524 0.570316478
27430.000000000 1.044642838 100000000000000000000.000000000 0.027707781 0.568516126
27440.000000000 1.057230943 100000000000000000000.000000000 0.028140902 0.577403030
27450.000000000 1.085905004 100000000000000000000.000000000 0.029664877 0.608672384
27460.000000000 1.096738065 100000000000000000000.000000000 0.029279286 0.600760724
27470.000000000 1.120655843 100000000000000000000.000000000 0.030020974 0.615978895
27480.000000000 1.134251754 100000000000000000000.000000000 0.029757080 0.609838667
27490.000000000 1.147205432 100000000000000000000.000000000 0.029548643 0.605566974
27500.000000000 1.165446200 100000000000000000000.000000000 0.029565469 0.605911817
27510.000000000 1.188067074 100000000000000000000.000000000 0.029190465 0.598226513
27520.000000000 1.175720760 100000000000000000000.000000000 0.029142518 0.597243897
27530.000000000 1.175635638 100000000000000000000.000000000 0.029657565 0.607799225
27540.000000000 1.193458030 100000000000000000000.000000000 0.029581446 0.606239232
27550.000000000 1.209224985 100000000000000000000.000000000 0.029604214 0.606705848
27560.000000000 1.205481698 100000000000000000000.000000000 0.029790377 0.609793807
27570.000000000 1.197403255 100000000000000000000.000000000 0.030172129 0.617608086
27580.000000000 1.200192649 100000000000000000000.000000000 0.030527618 0.624884761
27590.000000000 1.189140202 100000000000000000000.000000000 0.030712985 0.627928466
27600.000000000 1.175596161 100000000000000000000.000000000 0.030623659 0.626102179
27610.000000000 1.140859515 100000000000000000000.000000000 0.029311448 0.599273966
27620.000000000 1.119143249 100000000000000000000.000000000 0.028794173 0.588698248
27630.000000000 1.096534026 100000000000000000000.000000000 0.027169725 0.555486341
27640.000000000 1.074707638 100000000000000000000.000000000 0.026993205 0.551877389
27650.000000000 1.056447243 100000000000000000000.000000000 0.027355362 0.559281701
27660.000000000 1.034999289 100000000000000000000.000000000 0.027365262 0.559484102
27670.000000000 1.014398928 100000000000000000000.000000000 0.027147050 0.555022739
27680.000000000 0.988300457 100000000000000000000.000000000 0.027638940 0.565079459
27690.000000000 0.969726547 100000000000000000000.000000000 0.027656893 0.565446504
27700.000000000 0.949385902 100000000000000000000.000000000 0.027981656 0.572086316
27710.000000000 0.926983710 100000000000000000000.000000000 0.026893410 0.549837057
27720.000000000 0.925166471 100000000000000000000.000000000 0.027207514 0.556258946
27730.000000000 0.891923837 100000000000000000000.000000000 0.028105488 0.573930313
27740.000000000 0.897421192 100000000000000000000.000000000 0.028923855 0.590641825
27750.000000000 0.880844635 100000000000000000000.000000000 0.029844359 0.609439063
27760.000000000 0.871643258 100000000000000000000.000000000 0.029779533 0.608115269
27770.000000000 0.854112225 100000000000000000000.000000000 0.031089398 0.634863482
27780.000000000 0.852585125 100000000000000000000.000000000 0.031204782 0.635689745
27790.000000000 0.852859655 100000000000000000000.000000000 0.031482911 0.641355667
27800.000000000 0.835896086 100000000000000000000.000000000 0.031994168 0.651770755
27810.000000000 0.829302349 100000000000000000000.000000000 0.031130153 0.634169439
27820.000000000 0.828260927 100000000000000000000.000000000 0.030953689 0.630574577
27830.000000000 0.830444985 100000000000000000000.000000000 0.029642918 0.603872141
27840.000000000 0.844962474 100000000000000000000.000000000 0.029400579 0.598935325
27850.000000000 0.857145065 100000000000000000000.000000000 0.028227357 0.575034978
27860.000000000 0.857681314 100000000000000000000.000000000 0.028093116 0.572300283
27870.000000000 0.854068541 100000000000000000000.000000000 0.029124127 0.593303567
27880.000000000 0.845451073 100000000000000000000.000000000 0.029112489 0.593066493
27890.000000000 0.838622747 100000000000000000000.000000000 0.029037641 0.591541715
27900.000000000 0.837586522 100000000000000000000.000000000 0.029432153 0.599578543
27910.000000000 0.840354773 0.028317309 0.028317309 0.576867440
27920.000000000 0.860671985 0.028733894 0.028733894 0.585353933
27930.000000000 0.848451335 0.029212844 0.029212844 0.595110869
27940.000000000 0.845237788 0.029653548 0.029653548 0.604088705
27950.000000000 0.835615754 0.030277907 0.030277907 0.616807861
27960.000000000 0.838250976 0.029307866 0.029307866 0.597046625
27970.000000000 0.826897333 0.029603835 0.029603835 0.603075968
27980.000000000 0.825603044 0.028963586 0.028963586 0.590033098
27990.000000000 0.823429459 0.029450833 0.029450833 0.599959079
28000.000000000 0.838528479 0.030274419 0.030274419 0.616736800
28010.000000000 0.830465697 0.030451050 0.030451050 0.620335042
28020.000000000 0.810211824 0.030529415 0.030529415 0.622680324
28030.000000000 0.806711076 0.029516910 0.029516910 0.602029209
28040.000000000 0.798653126 0.028799338 0.028799338 0.587393542
28050.000000000 0.802738045 0.028943701 0.028943701 0.590337988
28060.000000000 0.798731767 0.028928749 0.028928749 0.590033023
28070.000000000 0.794374428 0.029686682 0.029686682 0.605491886
28080.000000000 0.809982251 100000000000000000000.000000000 0.030764931 0.627483935
28090.000000000 0.814940136 100000000000000000000.000000000 0.030612379 0.624372468
28100.000000000 0.832056722 100000000000000000000.000000000 0.032581340 0.664531555
28110.000000000 0.818773580 100000000000000000000.000000000 0.033659542 0.686522655
28120.000000000 0.815109948 100000000000000000000.000000000 0.033669723 0.686730308
28130.000000000 0.812485083 100000000000000000000.000000000 0.033327885 0.679758147
28140.000000000 0.807764049 100000000000000000000.000000000 0.032971424 0.672487727
28150.000000000 0.810669926 100000000000000000000.000000000 0.032846443 0.669938606
28160.000000000 0.825680799 100000000000000000000.000000000 0.032277802 0.658340573
28170.000000000 0.835821045 100000000000000000000.000000000 0.033105015 0.675212475
28180.000000000 0.844711681 100000000000000000000.000000000 0.032800423 0.668999996
28190.000000000 0.838599752 100000000000000000000.000000000 0.031584664 0.644203264
28200.000000000 0.834713586 100000000000000000000.000000000 0.031648490 0.645505063
28210.000000000 0.828895167 100000000000000000000.000000000 0.032106125 0.654839029
28220.000000000 0.824463997 100000000000000000000.000000000 0.031173336 0.635813794
28230.000000000 0.831446200 100000000000000000000.000000000 0.031128385 0.634133411
28240.000000000 0.852662289 100000000000000000000.000000000 0.031847437 0.648781607
28250.000000000 0.855621592 100000000000000000000.000000000 0.031190886 0.635406658
28260.000000000 0.873017208 100000000000000000000.000000000 0.031290435 0.637434626
28270.000000000 0.879259901 100000000000000000000.000000000 0.031123197 0.634027732
28280.000000000 0.894650072 100000000000000000000.000000000 0.031471495 0.641123088
28290.000000000 0.908322011 100000000000000000000.000000000 0.030941200 0.630320174
28300.000000000 0.914595809 100000000000000000000.000000000 0.031578472 0.643302387
28310.000000000 0.923935827 100000000000000000000.000000000 0.032288501 0.657766782
28320.000000000 0.936391653 100000000000000000000.000000000 0.031314334 0.637921489
28330.000000000 0.951970239 100000000000000000000.000000000 0.030624038 0.623859075
28340.000000000 0.977806691 100000000000000000000.000000000 0.031272519 0.637069657
28350.000000000 0.998372949 100000000000000000000.000000000 0.031495776 0.640844247
28360.000000000 1.005291269 100000000000000000000.000000000 0.031413781 0.639175888
28370.000000000 1.025772092 100000000000000000000.000000000 0.030647441 0.623583177
28380.000000000 1.042834440 100000000000000000000.000000000 0.030084243 0.612123797
28390.000000000 1.063205627 100000000000000000000.000000000 0.030854565 0.627797529
28400.000000000 1.093574037 100000000000000000000.000000000 0.031097911 0.632748873
28410.000000000 1.107682940 100000000000000000000.000000000 0.031238126 0.635601829
28420.000000000 1.126064456 100000000000000000000.000000000 0.030993487 0.630624177
28430.000000000 1.146240574 100000000000000000000.000000000 0.031163474 0.634848222
28440.000000000 1.135306514 100000000000000000000.000000000 0.030424392 0.619791984
28450.000000000 1.154583855 100000000000000000000.000000000 0.030075742 0.612689440
28460.000000000 1.163825410 100000000000000000000.000000000 0.030008145 0.611312384
28470.000000000 1.144945572 100000000000000000000.000000000 0.031644573 0.645425181
28480.000000000 1.140439476 100000000000000000000.000000000 0.031037321 0.633039624
28490.000000000 1.129191487 100000000000000000000.000000000 0.030349927 0.619019482
28500.000000000 1.129594045 100000000000000000000.000000000 0.030555897 0.623220464
28510.000000000 1.091255562 100000000000000000000.000000000 0.029710957 0.605986991
28520.000000000 1.084200747 100000000000000000000.000000000 0.030882215 0.629876068
28530.000000000 1.070490095 100000000000000000000.000000000 0.030110185 0.614129692
28540.000000000 1.051667851 100000000000000000000.000000000 0.029655853 0.604863083
28550.000000000 1.019067550 100000000000000000000.000000000 0.030492715 0.621931790
28560.000000000 1.023779395 100000000000000000000.000000000 0.030800916 0.628217880
28570.000000000 0.979279710 100000000000000000000.000000000 0.030654927 0.625240281
28580.000000000 0.965065827 100000000000000000000.000000000 0.029871877 0.609269133
28590.000000000 0.945416875 100000000000000000000.000000000 0.030730611 0.626783935
28600.000000000 0.924461292 100000000000000000000.000000000 0.030234884 0.616673062
28610.000000000 0.896351038 100000000000000000000.000000000 0.030059219 0.613090177
28620.000000000 0.868572843 100000000000000000000.000000000 0.031040533 0.633105129
28630.000000000 0.864567272 100000000000000000000.000000000 0.030688288 0.625920710
28640.000000000 0.848065755 100000000000000000000.000000000 0.031111748 0.634557638
28650.000000000 0.837558949 100000000000000000000.000000000 0.032081194 0.654330545
28660.000000000 0.830568967 100000000000000000000.000000000 0.030721156 0.626591091
28670.000000000 0.827024112 100000000000000000000.000000000 0.032037551 0.653440394
28680.000000000 0.807739231 100000000000000000000.000000000 0.031142751 0.635189975
28690.000000000 0.782781631 100000000000000000000.000000000 0.031328772 0.638984074
28700.000000000 0.779127104 100000000000000000000.000000000 0.032462846 0.662910067
28710.000000000 0.770615241 100000000000000000000.000000000 0.032505526 0.663781623
28720.000000000 0.755210868 100000000000000000000.000000000 0.032810319 0.670005680
28730.000000000 0.743261454 100000000000000000000.000000000 0.032815934 0.670120335
28740.000000000 0.750669840 100000000000000000000.000000000 0.032787213 0.669533846
28750.000000000 0.763805007 100000000000000000000.000000000 0.032153092 0.656584720
28760.000000000 0.749338693 100000000000000000000.000000000 0.032881332 0.671455809
28770.000000000 0.751646874 100000000000000000000.000000000 0.032147476 0.656470028
28780.000000000 0.741068165 100000000000000000000.000000000 0.030831509 0.629597226
28790.000000000 0.716703439 100000000000000000000.000000000 0.030970408 0.632433631
28800.000000000 0.731833132 100000000000000000000.000000000 0.030474920 0.622315469
28810.000000000 0.731170061 100000000000000000000.000000000 0.029931300 0.611214445
28820.000000000 0.739367250 100000000000000000000.000000000 0.030785713 0.628662040
28830.000000000 0.726126500 100000000000000000000.000000000 0.030026660 0.613161752
28840.000000000 0.756600340 100000000000000000000.000000000 0.029647181 0.605412565
28850.000000000 0.741310536 0.028929409 0.028929409 0.590755256
28860.000000000 0.748661722 0.028875436 0.028875436 0.589653091
28870.000000000 0.747778867 0.029267718 0.029267718 0.597663705
28880.000000000 0.754534509 0.029352777 0.029352777 0.599400671
28890.000000000 0.785556336 0.029247897 0.029247897 0.597258951
28900.000000000 0.781840038 0.028570069 0.028570069 0.583417311
28910.000000000 0.791816121 0.029295948 0.029295948 0.598240189
28920.000000000 0.773064992 0.029627011 0.029627011 0.605000693
28930.000000000 0.784012929 0.029423658 0.029423658 0.600848100
28940.000000000 0.811198587 0.029715124 0.029715124 0.606800010
28950.000000000 0.810850702 0.030022043 0.030022043 0.613067475
28960.000000000 0.800067299 0.029663070 0.029663070 0.605737030
28970.000000000 0.792661926 0.029476023 0.029476023 0.601917418
28980.000000000 0.798875704 0.030415529 0.030415529 0.621102683
28990.000000000 0.799072274 0.029608152 0.029608152 0.603890175
29000.000000000 0.807186650 0.029457847 0.029457847 0.600824553
29010.000000000 0.816490940 0.028742489 0.028742489 0.586234054
29020.000000000 0.802247232 0.027936121 0.027936121 0.569787302
29030.000000000 0.796409277 0.028005762 0.028005762 0.571207713
29040.000000000 0.788497686 0.027922560 0.027922560 0.569510709
29050.000000000 0.781129070 0.028577179 0.028577179 0.582862383
29060.000000000 0.793956333 0.028974371 0.028974371 0.590963540
29070.000000000 0.801485023 0.029061933 0.029061933 0.592749452
29080.000000000 0.794543149 0.029060407 0.029060407 0.592718332
29090.000000000 0.799103480 0.030634531 0.030634531 0.624824276
29100.000000000 0.799606300 0.030513870 0.030513870 0.622363282
29110.000000000 0.797518962 0.029660276 0.029660276 0.604225753
29120.000000000 0.788028554 0.029191988 0.029191988 0.594685999
29130.000000000 0.788162706 0.030365127 0.030365127 0.618584671
29140.000000000 0.791634192 0.029490931 0.029490931 0.600775941
29150.000000000 0.798483326 0.028856540 0.028856540 0.587852409
29160.000000000 0.781285572 0.029628401 0.029628401 0.603576415
29170.000000000 0.764564507 0.030409878 0.030409878 0.619496321
29180.000000000 0.764975481 0.030798478 0.030798478 0.627412694
29190.000000000 0.768556569 0.031218208 0.031218208 0.635963244
29200.000000000 0.750930316 0.031944738 0.031944738 0.649979271
29210.000000000 0.754687642 0.032024557 0.032024557 0.650815893
29220.000000000 0.755648196 0.030761878 0.030761878 0.625155226
29230.000000000 0.753133305 0.030393530 0.030393530 0.617669518
29240.000000000 0.771152262 0.031672369 0.031672369 0.643658600
29250.000000000 0.764911119 0.030777331 0.030777331 0.626226053
29260.000000000 0.759263322 0.029238172 0.029238172 0.594908795
29270.000000000 0.761577225 0.029438293 0.029438293 0.598980642
29280.000000000 0.778763262 0.029297137 0.029297137 0.596108561
29290.000000000 0.788174015 0.029326667 0.029326667 0.596709407
29300.000000000 0.794932212 0.029598925 0.029598925 0.602249027
29310.000000000 0.798160516 0.028740268 0.028740268 0.584777935
29320.000000000 0.773907867 0.029206058 0.029206058 0.594255370
29330.000000000 0.773744476 0.028626090 0.028626090 0.581750902
29340.000000000 0.765034567 0.028660013 0.028660013 0.582440286
29350.000000000 0.753507525 0.028547875 0.028547875 0.580161383
29360.000000000 0.758093404 0.028912713 0.028912713 0.587575762
29370.000000000 0.746993845 0.028875837 0.028875837 0.586115487
29380.000000000 0.775781503 0.028534593 0.028534593 0.579188981
29390.000000000 0.781444099 0.028935061 0.028935061 0.587317601
29400.000000000 0.791090080 0.029510531 0.029510531 0.597542702
29410.000000000 0.806014444 0.029495307 0.029495307 0.597234439
29420.000000000 0.809870390 0.029456331 0.029456331 0.596445241
29430.000000000 0.801825026 0.031274121 0.031274121 0.633252677
29440.000000000 0.801281397 0.030758134 0.030758134 0.622804737
29450.000000000 0.818133505 0.029376016 0.029376016 0.594818983
29460.000000000 0.821720372 0.029676951 0.029676951 0.600912450
29470.000000000 0.812595443 0.030473156 0.030473156 0.617034386
29480.000000000 0.800014889 0.030826148 0.030826148 0.624181926
29490.000000000 0.808383777 0.031238724 0.031238724 0.632535941
29500.000000000 0.795048116 0.033078962 0.033078962 0.669797924
29510.000000000 0.792296539 0.033236603 0.033236603 0.672989912
29520.000000000 0.768268856 0.032778223 0.032778223 0.663708433
29530.000000000 0.764633158 0.032389565 0.032389565 0.655838702
29540.000000000 0.771173831 0.031958745 0.031958745 0.647115274
29550.000000000 0.762341813 0.031372328 0.031372328 0.635241228
29560.000000000 0.771393724 0.031339201 0.031339201 0.634570451
29570.000000000 0.787082498 0.031896457 0.031896457 0.645854025
29580.000000000 0.784873823 0.032060358 0.032060358 0.649172769
29590.000000000 0.783207530 0.031517421 0.031517421 0.638179131
29600.000000000 0.784302442 0.032862785 0.032862785 0.665420677
29610.000000000 0.806132080 0.032286236 0.032286236 0.653746446
29620.000000000 0.805409345 0.032672410 0.032672410 0.661565875
29630.000000000 0.810677846 0.033298858 0.033298858 0.674250482
29640.000000000 0.820169251 0.033859418 0.033859418 0.684764351
29650.000000000 0.807096023 0.032948691 0.032948691 0.666346031
29660.000000000 0.794632992 0.033624821 0.033624821 0.680019921
29670.000000000 0.809077545 0.033807191 0.033807191 0.684543444
29680.000000000 0.800430120 0.034611251 0.034611251 0.701678569
29690.000000000 0.786341413 0.035005747 0.035005747 0.709676237
29700.000000000 0.788902235 0.034043135 0.034043135 0.690161072
29710.000000000 0.786067367 0.034005505 0.034005505 0.689398190
29720.000000000 0.794762683 0.033805773 0.033805773 0.685348991
29730.000000000 0.789785859 0.033697450 0.033697450 0.683152958
29740.000000000 0.790412385 0.034559687 0.034559687 0.700633193
29750.000000000 0.809584399 0.033629448 0.033629448 0.681774341
29760.000000000 0.804071013 0.032588217 0.032588217 0.660665315
29770.000000000 0.775917768 0.032225418 0.032225418 0.654104546
29780.000000000 0.762287315 0.030918588 0.030918588 0.627578791
29790.000000000 0.750490175 0.030154908 0.030154908 0.612077773
29800.000000000 0.741932534 0.032052242 0.032052242 0.650589452
29810.000000000 0.749739973 0.030382993 0.030382993 0.616707411
29820.000000000 0.743982942 0.029582558 0.029582558 0.600460353
29830.000000000 0.757790741 0.029313840 0.029313840 0.595005976
29840.000000000 0.769432749 0.030231807 0.030231807 0.613638669
29850.000000000 0.777589444 0.029505046 0.029505046 0.598887023
29860.000000000 0.818339714 0.032114799 0.032114799 0.651859221
29870.000000000 0.840826544 100000000000000000000.000000000 0.033688662 0.683805161
29880.000000000 0.838114389 100000000000000000000.000000000 0.034631666 0.702946040
29890.000000000 0.849217106 100000000000000000000.000000000 0.035261798 0.715736328
29900.000000000 0.873229666 100000000000000000000.000000000 0.034074150 0.691629709
29910.000000000 0.886469739 100000000000000000000.000000000 0.031931879 0.648146364
29920.000000000 0.918119496 100000000000000000000.000000000 0.032269185 0.654992916
29930.000000000 0.946012828 100000000000000000000.000000000 0.033261572 0.675136167
29940.000000000 0.986421768 100000000000000000000.000000000 0.032376051 0.657162061
29950.000000000 1.012864274 100000000000000000000.000000000 0.032512005 0.659921618
29960.000000000 1.043246925 100000000000000000000.000000000 0.032806746 0.665904214
29970.000000000 1.042917209 100000000000000000000.000000000 0.033635441 0.682724888
29980.000000000 1.086159010 100000000000000000000.000000000 0.032941278 0.668634920
29990.000000000 1.127860601 100000000000000000000.000000000 0.033459717 0.679158080
30000.000000000 1.147128324 100000000000000000000.000000000 0.034623594 0.702782205
30010.000000000 1.192111334 100000000000000000000.000000000 0.036777998 0.746511825
30020.000000000 1.267651405 100000000000000000000.000000000 0.036781768 0.746588350
30030.000000000 1.324818246 100000000000000000000.000000000 0.037428254 0.759710575
30040.000000000 1.349820636 100000000000000000000.000000000 0.038352369 0.778468060
30050.000000000 1.386456624 100000000000000000000.000000000 0.039590783 0.803605130
30060.000000000 1.441940668 100000000000000000000.000000000 0.040956656 0.831329315
30070.000000000 1.484398446 100000000000000000000.000000000 0.042499925 0.862654270
30080.000000000 1.511438915 100000000000000000000.000000000 0.043576372 0.884503753
30090.000000000 1.524987958 100000000000000000000.000000000 0.042546542 0.863600492
30100.000000000 1.545313523 100000000000000000000.000000000 0.043952475 0.892137815
30110.000000000 1.564501231 100000000000000000000.000000000 0.046239713 0.938563673
30120.000000000 1.586073540 100000000000000000000.000000000 0.047832653 0.970896814
30130.000000000 1.584008158 100000000000000000000.000000000 0.047809993 0.970436876
30140.000000000 1.592612595 100000000000000000000.000000000 0.047723134 0.968673834
30150.000000000 1.612573580 100000000000000000000.000000000 0.047232272 0.958710413
30160.000000000 1.583534099 100000000000000000000.000000000 0.046097666 0.935680431
30170.000000000 1.569279454 100000000000000000000.000000000 0.044868464 0.910730356
30180.000000000 1.564113860 100000000000000000000.000000000 0.043422993 0.881390496
30190.000000000 1.532425243 100000000000000000000.000000000 0.042297961 0.859596152
30200.000000000 1.506128179 100000000000000000000.000000000 0.041632102 0.846064283
30210.000000000 1.499454518 100000000000000000000.000000000 0.040163394 0.816216620
30220.000000000 1.451234205 100000000000000000000.000000000 0.037527573 0.762650396
30230.000000000 1.417691251 100000000000000000000.000000000 0.037943214 0.771097222
30240.000000000 1.398076163 100000000000000000000.000000000 0.037939000 0.771011581
30250.000000000 1.383050155 100000000000000000000.000000000 0.037469465 0.761469501
30260.000000000 1.352686184 100000000000000000000.000000000 0.037397757 0.760012220
30270.000000000 1.303430727 100000000000000000000.000000000 0.036975811 0.751437282
30280.000000000 1.291309114 100000000000000000000.000000000 0.035719586 0.725907765
30290.000000000 1.263027315 100000000000000000000.000000000 0.035935045 0.730286409
30300.000000000 1.223026015 100000000000000000000.000000000 0.035973533 0.731068574
30310.000000000 1.199213699 100000000000000000000.000000000 0.034772307 0.705800756
30320.000000000 1.162943067 100000000000000000000.000000000 0.033962913 0.689371833
30330.000000000 1.138706233 100000000000000000000.000000000 0.032369874 0.657036678
30340.000000000 1.123310504 100000000000000000000.000000000 0.033247908 0.674858820
30350.000000000 1.097407101 100000000000000000000.000000000 0.032207597 0.653742812
30360.000000000 1.072169590 100000000000000000000.000000000 0.032110609 0.651774183
30370.000000000 1.045809299 100000000000000000000.000000000 0.031583602 0.641077113
30380.000000000 1.008423246 100000000000000000000.000000000 0.030722892 0.623606607
30390.000000000 0.989919488 100000000000000000000.000000000 0.029978553 0.608498171
30400.000000000 0.973792619 100000000000000000000.000000000 0.030030443 0.609551426
30410.000000000 0.948962137 100000000000000000000.000000000 0.030827722 0.625734415
30420.000000000 0.943685248 100000000000000000000.000000000 0.031380000 0.636944426
30430.000000000 0.927787793 100000000000000000000.000000000 0.030596759 0.621046379
30440.000000000 0.904638139 100000000000000000000.000000000 0.029411731 0.596992928
30450.000000000 0.905983289 100000000000000000000.000000000 0.029885173 0.606602756
30460.000000000 0.875546528 100000000000000000000.000000000 0.030822651 0.625631493
30470.000000000 0.867128646 100000000000000000000.000000000 0.032773075 0.665220765
30480.000000000 0.835959626 100000000000000000000.000000000 0.033490561 0.679784140
30490.000000000 0.838842294 100000000000000000000.000000000 0.033314238 0.675384035
30500.000000000 0.824540218 100000000000000000000.000000000 0.033986861 0.689020227
30510.000000000 0.824797881 100000000000000000000.000000000 0.033731355 0.683840315
30520.000000000 0.804408991 100000000000000000000.000000000 0.034766074 0.703959355
30530.000000000 0.809689128 100000000000000000000.000000000 0.034268176 0.693877670
30540.000000000 0.792464882 100000000000000000000.000000000 0.033970261 0.687006005
30550.000000000 0.774060328 100000000000000000000.000000000 0.033052723 0.667632285
30560.000000000 0.763864952 100000000000000000000.000000000 0.032459261 0.655644943
30570.000000000 0.743512825 100000000000000000000.000000000 0.030873472 0.624377333
30580.000000000 0.735609407 100000000000000000000.000000000 0.029773287 0.602127474
30590.000000000 0.739604086 100000000000000000000.000000000 0.029911793 0.605667651
30600.000000000 0.736635838 100000000000000000000.000000000 0.030369456 0.614934617
30610.000000000 0.736601640 100000000000000000000.000000000 0.031077889 0.629279291
30620.000000000 0.723469813 100000000000000000000.000000000 0.031709868 0.642075894
30630.000000000 0.724712224 100000000000000000000.000000000 0.032117042 0.649526980
30640.000000000 0.739542036 100000000000000000000.000000000 0.032511745 0.657509355
30650.000000000 0.742141189 100000000000000000000.000000000 0.032667995 0.660669314
30660.000000000 0.738580615 100000000000000000000.000000000 0.033337615 0.674211530
30670.000000000 0.728879505 100000000000000000000.000000000 0.033855154 0.684678108
30680.000000000 0.741036172 100000000000000000000.000000000 0.033733808 0.682224053
30690.000000000 0.757680312 0.032858058 0.032858058 0.664513108
30700.000000000 0.754026161 0.032636884 0.032636884 0.660040123
30710.000000000 0.757741225 0.033354069 0.033354069 0.674544306
30720.000000000 0.751429481 0.032906335 0.032906335 0.665489438
30730.000000000 0.749976544 0.032377128 0.032377128 0.654786885
30740.000000000 0.726745329 0.031820679 0.031820679 0.643533401
30750.000000000 0.731425801 0.032411053 0.032411053 0.655472973
30760.000000000 0.730219963 0.032797916 0.032797916 0.663296797
30770.000000000 0.717377496 0.032539769 0.032539769 0.657271109
30780.000000000 0.725974061 0.032803551 0.032803551 0.662599259
30790.000000000 0.731679770 0.033270721 0.033270721 0.672035620
30800.000000000 0.740188572 0.034124058 0.034124058 0.690116369
30810.000000000 0.740695813 0.033524407 0.033524407 0.677989170
30820.000000000 0.735974693 0.034422570 0.034422570 0.697003927
30830.000000000 0.725947497 0.033641659 0.033641659 0.682021898
30840.000000000 0.732070585 0.032977375 0.032977375 0.668554781
30850.000000000 0.727279868 0.033635386 0.033635386 0.681894726
30860.000000000 0.734397824 0.032806038 0.032806038 0.665081229
30870.000000000 0.746047241 0.033266214 0.033266214 0.675230392
30880.000000000 0.772822790 0.032913789 0.032913789 0.668076958
30890.000000000 0.764651683 0.033688712 0.033688712 0.683806164
30900.000000000 0.769733350 0.033696943 0.033696943 0.683973239
30910.000000000 0.782617449 0.032808385 0.032808385 0.665937488
30920.000000000 0.805898793 0.034279272 0.034279272 0.695793224
30930.000000000 0.807294955 0.034236022 0.034236022 0.694915345
30940.000000000 0.814645821 0.033590824 0.033590824 0.681819269
30950.000000000 0.834498246 0.031620100 0.031620100 0.641817924
30960.000000000 0.829427249 0.030216425 0.030216425 0.613326449
30970.000000000 0.835782133 0.030303196 0.030303196 0.615087709
30980.000000000 0.822090009 0.030908089 0.030908089 0.627365680
30990.000000000 0.839301904 0.031294074 0.031294074 0.635200323
31000.000000000 0.834124657 0.032561947 0.032561947 0.660935342
31010.000000000 0.824889685 0.031328417 0.031328417 0.635897419
31020.000000000 0.833923222 0.031003228 0.031003228 0.629296798
31030.000000000 0.834274880 0.031512943 0.031512943 0.639642876
31040.000000000 0.832956522 0.031283646 0.031283646 0.634988669
31050.000000000 0.840013366 0.031294040 0.031294040 0.635199642
31060.000000000 0.825858014 0.032511734 0.032511734 0.659916135
31070.000000000 0.824172205 0.032863116 0.032863116 0.667048396
31080.000000000 0.810381860 0.032480757 0.032480757 0.659287368
31090.000000000 0.809149628 0.034225285 0.034225285 0.694697421
31100.000000000 0.808270107 0.033678331 0.033678331 0.683595458
31110.000000000 0.819315624 0.033981993 0.033981993 0.689759123
31120.000000000 0.815302429 0.033167172 0.033167172 0.673220056
31130.000000000 0.805488417 0.033085772 0.033085772 0.671567820
31140.000000000 0.809458927 0.032772385 0.032772385 0.665206767
31150.000000000 0.800213727 0.032234135 0.032234135 0.654281490
31160.000000000 0.803163490 0.033053714 0.033053714 0.670917113
31170.000000000 0.808053628 0.033439459 0.033439459 0.678746896
31180.000000000 0.808995371 0.033769624 0.033769624 0.684616148
31190.000000000 0.789668653 0.033662098 0.033662098 0.682436247
31200.000000000 0.754036487 0.033234946 0.033234946 0.673776541
31210.000000000 0.759142703 0.034662588 0.034662588 0.702719326
31220.000000000 0.744198781 0.034680696 0.034680696 0.703086435
31230.000000000 0.725702858 0.033501768 0.033501768 0.679185866
31240.000000000 0.733375680 0.032767973 0.032767973 0.664309535
31250.000000000 0.732569439 0.032906263 0.032906263 0.667113103
31260.000000000 0.709477816 0.033804648 0.033804648 0.685326196
31270.000000000 0.708986094 0.033411719 0.033411719 0.677360290
31280.000000000 0.709584191 0.032745287 0.032745287 0.663849621
31290.000000000 0.689257041 0.033140972 0.033140972 0.671871404
31300.000000000 0.679786546 0.033171499 0.033171499 0.672490269
31310.000000000 0.700563174 0.033802516 0.033802516 0.685282962
31320.000000000 0.709623651 0.032454575 0.032454575 0.657155060
31330.000000000 0.713350394 0.034057032 0.034057032 0.689602345
31340.000000000 0.702624781 0.034337851 0.034337851 0.695288482
31350.000000000 0.691742051 0.034372286 0.034372286 0.695136470
31360.000000000 0.687609282 0.035761690 0.035761690 0.723235411
31370.000000000 0.692906777 0.036447179 0.036447179 0.737098580
31380.000000000 0.696512252 0.037333972 0.037333972 0.755032857
31390.000000000 0.704171381 0.037675004 0.037675004 0.761929799
31400.000000000 0.714156772 0.038463744 0.038463744 0.777881090
31410.000000000 0.717892744 0.038397520 0.038397520 0.776541789
31420.000000000 0.728030278 0.036987878 0.036987878 0.748033532
31430.000000000 0.725146780 0.036062337 0.036062337 0.729315638
31440.000000000 0.727100837 0.036297514 0.036297514 0.734071791
31450.000000000 0.726280325 0.035437562 0.035437562 0.716680344
31460.000000000 0.730302820 0.034521866 0.034521866 0.698161537
31470.000000000 0.736416485 0.034089346 0.034089346 0.689414355
31480.000000000 0.735517295 0.034077150 0.034077150 0.689167709
31490.000000000 0.727480681 0.033851375 0.033851375 0.684601682
31500.000000000 0.736152634 0.033632985 0.033632985 0.680185030
31510.000000000 0.728394246 0.032218173 0.032218173 0.651572234
31520.000000000 0.726567003 0.032345753 0.032345753 0.654152366
31530.000000000 0.736186373 0.032953951 0.032953951 0.666452407
31540.000000000 0.726748492 0.032484743 0.032484743 0.656963271
31550.000000000 0.725005334 0.033218086 0.033218086 0.671794215
31560.000000000 0.706152940 0.033200083 0.033200083 0.671430121
31570.000000000 0.711177960 0.034186487 0.034186487 0.691378910
31580.000000000 0.715805336 0.033614529 0.033614529 0.679811774
31590.000000000 0.714112342 0.033468907 0.033468907 0.676866749
31600.000000000 0.722729318 0.033921190 0.033921190 0.686013610
31610.000000000 0.708502093 0.034076680 0.034076680 0.688315190
31620.000000000 0.708146009 0.034004061 0.034004061 0.686848362
31630.000000000 0.717089771 0.033224389 0.033224389 0.671099762
31640.000000000 0.712042111 0.032356608 0.032356608 0.653571452
31650.000000000 0.729807440 0.033093167 0.033093167 0.668449208
31660.000000000 0.725484924 0.033418801 0.033418801 0.675026691
31670.000000000 0.739380085 0.034259620 0.034259620 0.691161840
31680.000000000 0.747003555 0.032505727 0.032505727 0.655778380
31690.000000000 0.794217946 0.032079479 0.032079479 0.647179137
31700.000000000 0.765459510 0.032572156 0.032572156 0.657925292
31710.000000000 0.761219370 0.031966979 0.031966979 0.645701327
31720.000000000 0.763483124 0.033104695 0.033104695 0.668682053
31730.000000000 0.754502004 0.033403166 0.033403166 0.674710888
31740.000000000 0.742452889 0.032801933 0.032801933 0.662566574
31750.000000000 0.753627172 0.031591979 0.031591979 0.638126703
31760.000000000 0.713122845 0.031422543 0.031422543 0.634704249
31770.000000000 0.718041003 0.031945928 0.031945928 0.645276114
31780.000000000 0.713421966 0.031341108 0.031341108 0.633059346
31790.000000000 0.720143806 0.032484743 0.032484743 0.656159639
31800.000000000 0.726338504 0.032713525 0.032713525 0.659970545
31810.000000000 0.732328238 0.032284795 0.032284795 0.651321226
31820.000000000 0.730754919 0.033118269 0.033118269 0.668135941
31830.000000000 0.715877533 0.032941716 0.032941716 0.664574127
31840.000000000 0.710704113 0.032174779 0.032174779 0.649101754
31850.000000000 0.714980733 0.032761222 0.032761222 0.660932783
31860.000000000 0.715326664 0.033186591 0.033186591 0.668691283
31870.000000000 0.706522043 0.033657312 0.033657312 0.678176043
31880.000000000 0.695561856 0.032840339 0.032840339 0.661714501
31890.000000000 0.687343058 0.032299030 0.032299030 0.650807422
31900.000000000 0.698286589 0.033853457 0.033853457 0.682128261
31910.000000000 0.687941029 0.032916536 0.032916536 0.663249830
31920.000000000 0.703429820 0.032825335 0.032825335 0.661412172
31930.000000000 0.683843961 0.033039688 0.033039688 0.665731262
31940.000000000 0.664602041 0.032822764 0.032822764 0.661360376
31950.000000000 0.653668649 0.031761929 0.031761929 0.639985134
31960.000000000 0.663638276 0.033190302 0.033190302 0.669589142
31970.000000000 0.688193530 0.033210057 0.033210057 0.669987687
31980.000000000 0.673904879 0.032185384 0.032185384 0.649315690
31990.000000000 0.669727808 0.035037049 0.035037049 0.706845869
32000.000000000 0.685843058 0.034997839 0.034997839 0.706054835
32010.000000000 0.674651477 0.035616062 0.035616062 0.718527025
32020.000000000 0.670551705 0.034948595 0.034948595 0.705061369
32030.000000000 0.658812256 0.032735142 0.032735142 0.660406636
32040.000000000 0.653844877 0.032623936 0.032623936 0.658163148
32050.000000000 0.672113437 0.032864877 0.032864877 0.663023952
32060.000000000 0.674546677 0.034117134 0.034117134 0.688287278
32070.000000000 0.683723793 0.034207904 0.034207904 0.689270157
32080.000000000 0.688181723 0.034137228 0.034137228 0.687846088
32090.000000000 0.679839841 0.032995349 0.032995349 0.664837855
32100.000000000 0.694128802 0.034279791 0.034279791 0.690718644
32110.000000000 0.706368427 0.033411360 0.033411360 0.673220250
32120.000000000 0.702974005 0.034096775 0.034096775 0.687030985
32130.000000000 0.699028063 0.033668777 0.033668777 0.679242026
32140.000000000 0.708410974 0.033993360 0.033993360 0.686632214
32150.000000000 0.716683388 0.032780560 0.032780560 0.662134851
32160.000000000 0.721846203 0.032424907 0.032424907 0.654951014
32170.000000000 0.726913553 0.032357797 0.032357797 0.653595464
32180.000000000 0.722758703 0.032136416 0.032136416 0.649123777
32190.000000000 0.739955614 0.033662929 0.033662929 0.679957834
32200.000000000 0.737665268 0.034389069 0.034389069 0.694625138
32210.000000000 0.744110161 0.033920278 0.033920278 0.685156033
32220.000000000 0.740312779 0.034119925 0.034119925 0.689188712
32230.000000000 0.741085841 0.033789228 0.033789228 0.682508955
32240.000000000 0.745111270 0.034794671 0.034794671 0.703678672
32250.000000000 0.728468377 0.034270088 0.034270088 0.692221837
32260.000000000 0.723629773 0.034211139 0.034211139 0.691031127
32270.000000000 0.733172925 0.033392985 0.033392985 0.673678126
32280.000000000 0.730525341 0.032115429 0.032115429 0.647904399
32290.000000000 0.736499414 0.032567161 0.032567161 0.657017763
32300.000000000 0.750624733 0.032611012 0.032611012 0.657902417
32310.000000000 0.742296691 0.034294944 0.034294944 0.691874465
32320.000000000 0.751125566 0.034176407 0.034176407 0.689483064
32330.000000000 0.759368233 0.035163419 0.035163419 0.709395287
32340.000000000 0.764186373 0.036100091 0.036100091 0.728291933
32350.000000000 0.745603543 0.036448080 0.036448080 0.735312359
32360.000000000 0.752835120 0.032565483 0.032565483 0.656983905
32370.000000000 0.770754584 0.033580626 0.033580626 0.677463635
32380.000000000 0.767526595 0.034675595 0.034675595 0.699553816
32390.000000000 0.781279190 0.035983038 0.035983038 0.725930471
32400.000000000 0.790837387 0.035405188 0.035405188 0.715149734
32410.000000000 0.786730253 0.035688839 0.035688839 0.720879218
32420.000000000 0.801633112 0.034927251 0.034927251 0.706359931
32430.000000000 0.805976501 0.035039374 0.035039374 0.708627481
32440.000000000 0.813152664 0.035600900 0.035600900 0.719983636
32450.000000000 0.826793888 0.036201062 0.036201062 0.732121165
32460.000000000 0.835436066 0.036337910 0.036337910 0.734888740
32470.000000000 0.838992185 0.035563957 0.035563957 0.719236517
32480.000000000 0.841785757 0.034711992 0.034711992 0.702006585
32490.000000000 0.854365484 0.034902667 0.034902667 0.705862766
32500.000000000 0.849624591 0.034457203 0.034457203 0.696853813
32510.000000000 0.820603596 0.034395424 0.034395424 0.695604402
32520.000000000 0.832247648 0.035976696 0.035976696 0.727583657
32530.000000000 0.834420081 0.034326543 0.034326543 0.694211366
32540.000000000 0.823081081 0.033062704 0.033062704 0.669468727
32550.000000000 0.821697736 0.033847567 0.033847567 0.685360998
32560.000000000 0.820331473 0.035738509 0.035738509 0.723649650
32570.000000000 0.821919992 0.035913063 0.035913063 0.727184095
32580.000000000 0.828643450 0.036849969 0.036849969 0.746155008
32590.000000000 0.796213254 0.038609364 0.038609364 0.781780031
32600.000000000 0.800053383 0.039223133 0.039223133 0.794207919
32610.000000000 0.795188906 0.037524332 0.037524332 0.759809820
32620.000000000 0.775801280 0.036401827 0.036401827 0.737080821
32630.000000000 0.781921417 0.036005610 0.036005610 0.729058038
32640.000000000 0.794160082 0.034281182 0.034281182 0.694141035
32650.000000000 0.811199475 0.033502515 0.033502515 0.678374233
32660.000000000 0.796418802 0.032609271 0.032609271 0.660287405
32670.000000000 0.825850831 0.032665528 0.032665528 0.661426529
32680.000000000 0.822832245 0.032770401 0.032770401 0.663550048
32690.000000000 0.825904521 0.032892439 0.032892439 0.666021134
32700.000000000 0.812894086 0.033126718 0.033126718 0.670764922
32710.000000000 0.822525564 0.034233539 0.034233539 0.693176332
32720.000000000 0.819189068 0.032500681 0.032500681 0.658890686
32730.000000000 0.807347543 0.032106277 0.032106277 0.650894890
32740.000000000 0.844975608 0.032421286 0.032421286 0.657281109
32750.000000000 0.826091364 0.033176522 0.033176522 0.671773363
32760.000000000 0.826060975 0.033476600 0.033476600 0.677849490
32770.000000000 0.825515549 0.033446835 0.033446835 0.676420382
32780.000000000 0.833833550 0.033816759 0.033816759 0.683901627
32790.000000000 0.818613966 0.033769884 0.033769884 0.682118228
32800.000000000 0.827398372 0.034734473 0.034734473 0.701601959
32810.000000000 0.828377117 0.033758499 0.033758499 0.681888261
32820.000000000 0.826791230 0.033522515 0.033522515 0.677121613
32830.000000000 0.806720024 0.033196121 0.033196121 0.670528774
32840.000000000 0.818680776 0.033890253 0.033890253 0.684549565
32850.000000000 0.818331212 0.034837495 0.034837495 0.702820027
32860.000000000 0.837231003 0.035171637 0.035171637 0.709561079
32870.000000000 0.843083774 0.033969397 0.033969397 0.685306797
32880.000000000 0.849395204 0.033781998 0.033781998 0.681526162
32890.000000000 0.821161082 0.034206047 0.034206047 0.690081044
32900.000000000 0.803214113 0.034612438 0.034612438 0.697421292
32910.000000000 0.806801033 0.033421069 0.033421069 0.673415885
32920.000000000 0.798758159 0.033640338 0.033640338 0.677834026
32930.000000000 0.786058189 0.034562541 0.034562541 0.696415901
32940.000000000 0.775774213 0.033869455 0.033869455 0.682450604
32950.000000000 0.778503374 0.035182191 0.035182191 0.708901496
32960.000000000 0.776953137 0.034687017 0.034687017 0.698924024
32970.000000000 0.796262243 0.035181161 0.035181161 0.708880756
32980.000000000 0.790407806 0.034535650 0.034535650 0.695874060
32990.000000000 0.804218988 0.035157507 0.035157507 0.708404147
33000.000000000 0.795637822 0.035520903 0.035520903 0.715726359
33010.000000000 0.775587810 0.034830602 0.034830602 0.701817190
33020.000000000 0.801718838 0.033854952 0.033854952 0.682158380
33030.000000000 0.809526392 0.034392886 0.034392886 0.692997447
33040.000000000 0.792112054 0.034382236 0.034382236 0.693635519
33050.000000000 0.801264036 0.033732599 0.033732599 0.680529585
33060.000000000 0.766477431 0.033639031 0.033639031 0.678641925
33070.000000000 0.752429262 0.032971310 0.032971310 0.664353497
33080.000000000 0.745803498 0.032675149 0.032675149 0.658386010
33090.000000000 0.741907598 0.033525888 0.033525888 0.675527925
33100.000000000 0.734650784 0.034434824 0.034434824 0.693842474
33110.000000000 0.737996595 0.034602980 0.034602980 0.696371536
33120.000000000 0.738730120 0.034372061 0.034372061 0.691724391
33130.000000000 0.733066556 0.035984540 0.035984540 0.724174896
33140.000000000 0.722956886 0.035171499 0.035171499 0.707812766
33150.000000000 0.725927363 0.035679006 0.035679006 0.718026144
33160.000000000 0.724749772 0.036601861 0.036601861 0.736598245
33170.000000000 0.718758116 0.037582056 0.037582056 0.756324297
33180.000000000 0.713419932 0.038700029 0.038700029 0.778823063
33190.000000000 0.706974019 0.039980362 0.039980362 0.804589266
33200.000000000 0.717857501 0.038931794 0.038931794 0.783487235
33210.000000000 0.711879905 0.037954966 0.037954966 0.763828954
33220.000000000 0.704282184 0.037010104 0.037010104 0.744813974
33230.000000000 0.703885334 0.036702998 0.036702998 0.738633596
33240.000000000 0.694059013 0.036649744 0.036649744 0.737561865
33250.000000000 0.707190007 0.035767661 0.035767661 0.719810291
33260.000000000 0.725769741 0.035570250 0.035570250 0.714953182
33270.000000000 0.736925669 0.036033325 0.036033325 0.724260870
33280.000000000 0.724335839 100000000000000000000.000000000 0.035888506 0.721350052
33290.000000000 0.725551363 100000000000000000000.000000000 0.035565371 0.714855113
33300.000000000 0.744688723 100000000000000000000.000000000 0.035285897 0.708359440
33310.000000000 0.730388742 100000000000000000000.000000000 0.036806280 0.738880924
33320.000000000 0.735413795 100000000000000000000.000000000 0.037385246 0.750503571
33330.000000000 0.722902958 100000000000000000000.000000000 0.037594383 0.754701972
33340.000000000 0.713059123 100000000000000000000.000000000 0.037693909 0.756699936
33350.000000000 0.717734657 100000000000000000000.000000000 0.038141482 0.765684907
33360.000000000 0.708199605 100000000000000000000.000000000 0.037424892 0.752231015
33370.000000000 0.735330447 100000000000000000000.000000000 0.036283628 0.730193923
33380.000000000 0.765007478 100000000000000000000.000000000 0.035637122 0.716297297
33390.000000000 0.765352372 100000000000000000000.000000000 0.037072893 0.745155935
33400.000000000 0.764635483 100000000000000000000.000000000 0.037353402 0.751722718
33410.000000000 0.779210972 100000000000000000000.000000000 0.037677706 0.758249197
33420.000000000 0.776287384 100000000000000000000.000000000 0.036832570 0.741241174
33430.000000000 0.788893716 100000000000000000000.000000000 0.036279826 0.730117420
33440.000000000 0.779445699 100000000000000000000.000000000 0.037725479 0.759210617
33450.000000000 0.799892405 100000000000000000000.000000000 0.038673265 0.778284451
33460.000000000 0.804977672 100000000000000000000.000000000 0.038740791 0.779643374
33470.000000000 0.826022776 100000000000000000000.000000000 0.038391907 0.772622222
33480.000000000 0.875032321 100000000000000000000.000000000 0.039297163 0.790840147
33490.000000000 0.906481001 100000000000000000000.000000000 0.040591970 0.816897631
33500.000000000 0.927801611 100000000000000000000.000000000 0.039505376 0.795030357
33510.000000000 0.965228574 100000000000000000000.000000000 0.039663132 0.798205127
33520.000000000 1.011443202 100000000000000000000.000000000 0.040814739 0.821380774
33530.000000000 1.054194355 100000000000000000000.000000000 0.040296930 0.810960071
33540.000000000 1.098780143 100000000000000000000.000000000 0.041091667 0.825932280
33550.000000000 1.175373121 100000000000000000000.000000000 0.041623237 0.836616704
33560.000000000 1.236147472 100000000000000000000.000000000 0.042256527 0.849345680
33570.000000000 1.305048799 100000000000000000000.000000000 0.044037465 0.885142088
33580.000000000 1.386210297 100000000000000000000.000000000 0.046189460 0.928396647
33590.000000000 1.505822520 100000000000000000000.000000000 0.048690981 0.978676615
33600.000000000 1.582237009 100000000000000000000.000000000 0.050949698 1.024076248
33610.000000000 1.680559622 100000000000000000000.000000000 0.053877929 1.082932970
33620.000000000 1.808948866 100000000000000000000.000000000 0.055239622 1.110302669
33630.000000000 1.877282425 100000000000000000000.000000000 0.055767586 1.120914610
33640.000000000 2.009024448 100000000000000000000.000000000 0.059878437 1.203541684
33650.000000000 2.178620265 100000000000000000000.000000000 0.064922734 1.304930799
33660.000000000 2.330950806 100000000000000000000.000000000 0.070510703 1.417247598
33670.000000000 2.459449840 100000000000000000000.000000000 0.076099219 1.529575372
33680.000000000 2.595280237 100000000000000000000.000000000 0.081152957 1.631154254
33690.000000000 2.725051395 100000000000000000000.000000000 0.088282771 1.774461732
33700.000000000 2.789869455 100000000000000000000.000000000 0.092815524 1.865568947
33710.000000000 2.941791703 100000000000000000000.000000000 0.097143841 1.952567045
33720.000000000 2.971187179 100000000000000000000.000000000 0.098480568 1.979434927
33730.000000000 3.019286618 100000000000000000000.000000000 0.103136813 2.073024279
33740.000000000 3.025253410 100000000000000000000.000000000 0.103789269 2.086138494
33750.000000000 3.037101904 100000000000000000000.000000000 0.102962161 2.069513814
33760.000000000 3.008476861 100000000000000000000.000000000 0.098810056 1.986057548
33770.000000000 2.915767315 100000000000000000000.000000000 0.094038462 1.890149687
33780.000000000 2.838570927 100000000000000000000.000000000 0.092806429 1.865386129
33790.000000000 2.727925137 100000000000000000000.000000000 0.089435624 1.797633799
33800.000000000 2.547197617 100000000000000000000.000000000 0.084404740 1.696514285
33810.000000000 2.430680346 100000000000000000000.000000000 0.076448833 1.536602525
33820.000000000 2.298389072 100000000000000000000.000000000 0.073165445 1.470607234
33830.000000000 2.186734552 100000000000000000000.000000000 0.069479842 1.396527531
33840.000000000 2.035764787 100000000000000000000.000000000 0.067365180 1.354023367
33850.000000000 1.958843378 100000000000000000000.000000000 0.063429641 1.274920006
33860.000000000 1.827476672 100000000000000000000.000000000 0.060479779 1.215628513
33870.000000000 1.704332377 100000000000000000000.000000000 0.058058189 1.166955160
33880.000000000 1.579929389 100000000000000000000.000000000 0.054950875 1.104498927
33890.000000000 1.446725099 100000000000000000000.000000000 0.054764317 1.100749153
33900.000000000 1.352455345 100000000000000000000.000000000 0.051673708 1.038628668
33910.000000000 1.316817119 100000000000000000000.000000000 0.047752070 0.959804733
33920.000000000 1.232754544 100000000000000000000.000000000 0.046399567 0.932619761
33930.000000000 1.188132425 100000000000000000000.000000000 0.046860386 0.941882105
33940.000000000 1.140498532 100000000000000000000.000000000 0.045535132 0.915244830
33950.000000000 1.093504263 100000000000000000000.000000000 0.045171389 0.907933676
33960.000000000 1.048412930 100000000000000000000.000000000 0.042095654 0.846112172
33970.000000000 0.983134623 100000000000000000000.000000000 0.040401428 0.812058644
33980.000000000 0.990540533 100000000000000000000.000000000 0.038362532 0.771077360
33990.000000000 0.961978441 100000000000000000000.000000000 0.038808932 0.779083868
34000.000000000 0.960612467 100000000000000000000.000000000 0.038667442 0.776243480
34010.000000000 0.949631839 100000000000000000000.000000000 0.039040790 0.783738395
34020.000000000 0.918979288 100000000000000000000.000000000 0.038417531 0.771226547
34030.000000000 0.907052979 100000000000000000000.000000000 0.038148194 0.765819656
34040.000000000 0.894576923 100000000000000000000.000000000 0.037960957 0.762060885
34050.000000000 0.893620075 100000000000000000000.000000000 0.037995302 0.762750365
34060.000000000 0.877413906 100000000000000000000.000000000 0.037013978 0.742127958
34070.000000000 0.869587030 100000000000000000000.000000000 0.036957544 0.740996455
34080.000000000 0.864707258 100000000000000000000.000000000 0.037173141 0.745319168
34090.000000000 0.868846014 100000000000000000000.000000000 0.038322466 0.768363046
34100.000000000 0.884299819 100000000000000000000.000000000 0.037682172 0.755525190
34110.000000000 0.882361132 100000000000000000000.000000000 0.038434224 0.770603794
34120.000000000 0.886151850 100000000000000000000.000000000 0.038468755 0.771296131
34130.000000000 0.919444165 100000000000000000000.000000000 0.039620891 0.794396396
34140.000000000 0.945819717 100000000000000000000.000000000 0.039379107 0.789548637
34150.000000000 0.993276410 100000000000000000000.000000000 0.041178869 0.825633756
34160.000000000 1.040871688 100000000000000000000.000000000 0.040536154 0.812747355
34170.000000000 1.058435638 100000000000000000000.000000000 0.041275810 0.827577424
34180.000000000 1.137957887 100000000000000000000.000000000 0.042761141 0.856291171
34190.000000000 1.179718470 100000000000000000000.000000000 0.043978714 0.880673052
34200.000000000 1.245811570 100000000000000000000.000000000 0.045318645 0.907505163
34210.000000000 1.313567384 100000000000000000000.000000000 0.048805356 0.978544351
34220.000000000 1.393829904 100000000000000000000.000000000 0.052348587 1.049585907
34230.000000000 1.443625615 100000000000000000000.000000000 0.055470150 1.112173042
34240.000000000 1.561082137 100000000000000000000.000000000 0.060372032 1.210455478
34250.000000000 1.652608188 100000000000000000000.000000000 0.063704283 1.277266909
34260.000000000 1.838883141 100000000000000000000.000000000 0.064677542 1.296780688
34270.000000000 2.021727196 100000000000000000000.000000000 0.068811291 1.379662098
34280.000000000 2.224773218 100000000000000000000.000000000 0.071349399 1.430550996
34290.000000000 2.437402330 100000000000000000000.000000000 0.077544471 1.552826820
34300.000000000 2.672980997 100000000000000000000.000000000 0.083550254 1.673092538
34310.000000000 2.943265064 100000000000000000000.000000000 0.094466040 1.891680986
34320.000000000 3.134296939 100000000000000000000.000000000 0.106130498 2.125261574
34330.000000000 3.396173234 100000000000000000000.000000000 0.119961754 2.402232256
34340.000000000 3.718658300 100000000000000000000.000000000 0.129829181 2.596583613
34350.000000000 3.965498298 100000000000000000000.000000000 0.145259221 2.905184430
34360.000000000 4.224162552 100000000000000000000.000000000 0.156891111 3.137822221
34370.000000000 4.499061258 100000000000000000000.000000000 0.163812944 3.276258885
34380.000000000 4.655165582 100000000000000000000.000000000 0.170134509 3.402690181
34390.000000000 4.807790469 100000000000000000000.000000000 0.179291955 3.585839093
34400.000000000 4.934286035 100000000000000000000.000000000 0.187868422 3.757368445
34410.000000000 4.994988018 100000000000000000000.000000000 0.194621422 3.892428432
34420.000000000 4.981898085 100000000000000000000.000000000 0.198623971 3.972479416
34430.000000000 5.137693904 100000000000000000000.000000000 0.198918472 3.978369443
34440.000000000 5.064895489 100000000000000000000.000000000 0.191782276 3.835645513
34450.000000000 4.949235040 100000000000000000000.000000000 0.189061235 3.781224709
34460.000000000 4.808416981 100000000000000000000.000000000 0.182313065 3.646261303
34470.000000000 4.648209006 100000000000000000000.000000000 0.179804799 3.596095984
34480.000000000 4.336266757 100000000000000000000.000000000 0.169730073 3.394601450
34490.000000000 4.137621188 100000000000000000000.000000000 0.159045711 3.180914227
34500.000000000 4.061580660 100000000000000000000.000000000 0.153853544 3.077070873
34510.000000000 3.949044544 100000000000000000000.000000000 0.145209876 2.904197520
34520.000000000 3.922540804 100000000000000000000.000000000 0.144371612 2.887432243
34530.000000000 3.820536718 100000000000000000000.000000000 0.139781022 2.795620436
34540.000000000 3.751491670 100000000000000000000.000000000 0.140156166 2.806625040
34550.000000000 3.728294952 100000000000000000000.000000000 0.153765236 3.075304711
34560.000000000 3.772026250 100000000000000000000.000000000 0.167697948 3.353958962
34570.000000000 3.815793841 100000000000000000000.000000000 0.172040912 3.440818239
34580.000000000 4.076622499 100000000000000000000.000000000 0.182435179 3.648703590
34590.000000000 4.529211289 100000000000000000000.000000000 0.194466426 3.889328513
34600.000000000 4.888257250 100000000000000000000.000000000 0.215485001 4.309700018
34610.000000000 5.347044194 100000000000000000000.000000000 0.227471673 4.549433470
34620.000000000 5.856805779 100000000000000000000.000000000 0.245267766 4.905355319
34630.000000000 6.341485434 100000000000000000000.000000000 0.262973289 5.259465776
34640.000000000 7.114245449 100000000000000000000.000000000 0.289021797 5.780435941
34650.000000000 7.970440192 100000000000000000000.000000000 0.305407147 6.108142937
34660.000000000 8.713426552 100000000000000000000.000000000 0.341790487 6.835809747
34670.000000000 9.458174745 100000000000000000000.000000000 0.363100283 7.262005668
34680.000000000 10.161635946 100000000000000000000.000000000 0.410993680 8.219873603
34690.000000000 10.867954841 100000000000000000000.000000000 0.451456763 9.029135266
34700.000000000 11.475241377 100000000000000000000.000000000 0.470713344 9.414266886
34710.000000000 12.029933051 100000000000000000000.000000000 0.493929625 9.878592491
34720.000000000 12.511043544 100000000000000000000.000000000 0.517208606 10.344172114
34730.000000000 12.804368521 100000000000000000000.000000000 0.536034190 10.720683795
34740.000000000 13.274449543 100000000000000000000.000000000 0.567703227 11.354064535
34750.000000000 13.198307019 100000000000000000000.000000000 0.585866935 11.717338694
34760.000000000 12.817795538 100000000000000000000.000000000 0.559944742 11.198894848
34770.000000000 12.525118425 100000000000000000000.000000000 0.536725682 10.734513634
34780.000000000 12.190108996 100000000000000000000.000000000 0.494312620 9.886252408
34790.000000000 11.748266320 100000000000000000000.000000000 0.466783760 9.347337513
34800.000000000 10.995541174 100000000000000000000.000000000 0.436388981 8.738682532
34810.000000000 10.401783554 100000000000000000000.000000000 0.408310298 8.166205969
34820.000000000 9.734016611 100000000000000000000.000000000 0.388089350 7.761786991
34830.000000000 8.810924014 100000000000000000000.000000000 0.343851969 6.877039375
34840.000000000 8.071077180 100000000000000000000.000000000 0.312935458 6.258709152
34850.000000000 7.254901353 100000000000000000000.000000000 0.287673547 5.753470939
34860.000000000 6.476145696 100000000000000000000.000000000 0.256611100 5.132221997
34870.000000000 5.796710319 100000000000000000000.000000000 0.228050750 4.561014999
34880.000000000 5.210998581 100000000000000000000.000000000 0.204816615 4.096332293
34890.000000000 4.615463759 100000000000000000000.000000000 0.185469400 3.709388010
34900.000000000 4.075398860 100000000000000000000.000000000 0.170265605 3.405312107
34910.000000000 3.590632235 100000000000000000000.000000000 0.152882306 3.057646118
34920.000000000 3.234565307 100000000000000000000.000000000 0.140200867 2.804017337
34930.000000000 2.819216466 100000000000000000000.000000000 0.125597344 2.511946884
34940.000000000 2.534050011 100000000000000000000.000000000 0.111242332 2.224846641
34950.000000000 2.212663266 100000000000000000000.000000000 0.099071387 1.981427747
34960.000000000 1.991082279 100000000000000000000.000000000 0.085931145 1.718622895
34970.000000000 1.783245727 100000000000000000000.000000000 0.076755698 1.531271366
34980.000000000 1.598834172 100000000000000000000.000000000 0.067945808 1.355514603
34990.000000000 1.432988897 100000000000000000000.000000000 0.065543833 1.307595371
35000.000000000 1.309043285 100000000000000000000.000000000 0.058313003 1.163340751
35010.000000000 1.223394747 100000000000000000000.000000000 0.053943575 1.074818117
35020.000000000 1.153828277 100000000000000000000.000000000 0.053702832 1.070021350
35030.000000000 1.141456035 100000000000000000000.000000000 0.046833485 0.933150571
35040.000000000 1.058257742 100000000000000000000.000000000 0.045329156 0.903177038
35050.000000000 1.000334704 100000000000000000000.000000000 0.043288829 0.862523803
35060.000000000 0.993728702 100000000000000000000.000000000 0.042652674 0.849848500
35070.000000000 0.967380218 100000000000000000000.000000000 0.041580934 0.828494237
35080.000000000 0.944375224 100000000000000000000.000000000 0.038995778 0.776985382
35090.000000000 0.918310140 100000000000000000000.000000000 0.038234794 0.761822877
35100.000000000 0.901054256 100000000000000000000.000000000 0.037588802 0.748951579
35110.000000000 0.867655621 100000000000000000000.000000000 0.037587750 0.748930620
35120.000000000 0.845136977 100000000000000000000.000000000 0.038880447 0.773711117
35130.000000000 0.833008529 100000000000000000000.000000000 0.039947764 0.794950468
35140.000000000 0.814820831 100000000000000000000.000000000 0.038931773 0.774732493
35150.000000000 0.814651537 100000000000000000000.000000000 0.038733074 0.769804614
35160.000000000 0.799975017 100000000000000000000.000000000 0.037783850 0.749988010
35170.000000000 0.810412223 100000000000000000000.000000000 0.037342776 0.741232940
35180.000000000 0.814004184 100000000000000000000.000000000 0.039222886 0.778552051
35190.000000000 0.791951139 100000000000000000000.000000000 0.039279951 0.779684765
35200.000000000 0.783711203 100000000000000000000.000000000 0.040831451 0.810481166
35210.000000000 0.794205216 100000000000000000000.000000000 0.040912116 0.812082309
35220.000000000 0.779548566 0.040963090 0.040963090 0.813094117
35230.000000000 0.787626741 0.040094802 0.040094802 0.795859092
35240.000000000 0.797985156 0.040133204 0.040133204 0.795609776
35250.000000000 0.791223605 0.039912899 0.039912899 0.791242392
35260.000000000 0.771878769 0.039700690 0.039700690 0.787035519
35270.000000000 0.766690832 0.040995369 0.040995369 0.812701522
35280.000000000 0.777844884 0.041720024 0.041720024 0.827067245
35290.000000000 0.753602346 0.039656917 0.039656917 0.786167758
35300.000000000 0.753544564 0.039811187 0.039811187 0.789226025
35310.000000000 0.727852778 0.038925964 0.038925964 0.771677166
35320.000000000 0.733909417 0.037767462 0.037767462 0.748710769
35330.000000000 0.724905736 0.038708198 0.038708198 0.767360132
35340.000000000 0.737907997 0.039175106 0.039175106 0.776616212
35350.000000000 0.713530451 0.038412863 0.038412863 0.761505332
35360.000000000 0.709718804 0.036644415 0.036644415 0.725522397
35370.000000000 0.725898199 0.038774964 0.038774964 0.767705126
35380.000000000 0.713912998 0.040103648 0.040103648 0.794011727
35390.000000000 0.703155808 0.038171188 0.038171188 0.755750966
35400.000000000 0.703430857 0.039586271 0.039586271 0.784767255
35410.000000000 0.697682386 0.038802732 0.038802732 0.769234183
35420.000000000 0.713403194 0.038110394 0.038110394 0.756469731
35430.000000000 0.718595382 0.038260155 0.038260155 0.759442398
35440.000000000 0.741704525 0.039870883 0.039870883 0.791414429
35450.000000000 0.744552881 0.040814469 0.040814469 0.810144085
35460.000000000 0.734509065 0.038962518 0.038962518 0.773383901
35470.000000000 0.724704818 0.040184848 0.040184848 0.797646466
35480.000000000 0.735134939 0.040330225 0.040330225 0.799515551
35490.000000000 0.762515432 0.040568654 0.040568654 0.804242224
35500.000000000 0.737468520 0.039136739 0.039136739 0.775855626
35510.000000000 0.773795771 0.040123446 0.040123446 0.795416318
35520.000000000 0.755161371 0.041019430 0.041019430 0.813178524
35530.000000000 0.746367050 0.043003244 0.043003244 0.852506092
35540.000000000 0.750872853 0.042422854 0.042422854 0.841000320
35550.000000000 0.757252934 0.043249914 0.043249914 0.856304605
35560.000000000 0.762171802 0.041916026 0.041916026 0.829894968
35570.000000000 0.757090547 0.040629535 0.040629535 0.804423755
35580.000000000 0.739101389 0.041432296 0.041432296 0.820317602
35590.000000000 0.747474000 0.041733081 0.041733081 0.826272839
35600.000000000 0.746476746 0.042497156 0.042497156 0.841400771
35610.000000000 0.748900255 0.039283302 0.039283302 0.777769706
35620.000000000 0.756799658 0.038083086 0.038083086 0.754006640
35630.000000000 0.749910827 0.038493132 0.038493132 0.762125129
35640.000000000 0.768628458 0.039707900 0.039707900 0.786176316
35650.000000000 0.771397222 0.041584867 0.041584867 0.823338359
35660.000000000 0.792691400 0.041381353 0.041381353 0.819308997
35670.000000000 0.775135283 0.041276091 0.041276091 0.817224905
35680.000000000 0.774353515 0.039907217 0.039907217 0.789114133
35690.000000000 0.780116134 0.039879936 0.039879936 0.788574685
35700.000000000 0.754508767 0.039412463 0.039412463 0.779331002
35710.000000000 0.753710516 0.038817977 0.038817977 0.766593613
35720.000000000 0.744745033 0.039877984 0.039877984 0.787527083
35730.000000000 0.745475120 0.038729765 0.038729765 0.764851566
35740.000000000 0.742066281 0.039408898 0.039408898 0.778263385
35750.000000000 0.770851709 0.038937993 0.038937993 0.768963742
35760.000000000 0.747465746 0.040282433 0.040282433 0.795514304
35770.000000000 0.746870493 0.039438019 0.039438019 0.778838462
35780.000000000 0.763618131 0.040676218 0.040676218 0.803290941
35790.000000000 0.748985112 0.041202191 0.041202191 0.813678073
35800.000000000 0.746304837 0.043228093 0.043228093 0.852591255
35810.000000000 0.721034023 0.041948490 0.041948490 0.827353545
35820.000000000 0.697293402 0.043389897 0.043389897 0.855782529
35830.000000000 0.699172471 0.043540901 0.043540901 0.857656285
35840.000000000 0.684967543 0.042394817 0.042394817 0.835081050
35850.000000000 0.672804827 0.043956843 0.043956843 0.865849393
35860.000000000 0.649953033 0.043908100 0.043908100 0.864889271
35870.000000000 0.637248277 0.043495293 0.043495293 0.855653123
35880.000000000 0.653628696 0.045496499 0.045496499 0.895021487
35890.000000000 0.657636244 0.043340211 0.043340211 0.853703141
35900.000000000 0.655145500 0.043620099 0.043620099 0.858108354
35910.000000000 0.662405753 0.044165866 0.044165866 0.868844862
35920.000000000 0.641488430 0.043699402 0.043699402 0.860778393
35930.000000000 0.643781011 0.042839291 0.042839291 0.843836165
35940.000000000 0.671920065 0.044392056 0.044392056 0.874422098
35950.000000000 0.685590202 0.041337181 0.041337181 0.814248029
35960.000000000 0.694168911 0.041952766 0.041952766 0.826373649
35970.000000000 0.712623481 0.043022030 0.043022030 0.847435711
35980.000000000 0.714956610 0.042174360 0.042174360 0.830738545
35990.000000000 0.737185759 0.043108155 0.043108155 0.849132168
36000.000000000 0.745549169 0.044156185 0.044156185 0.869775984
36010.000000000 0.731592723 0.043835242 0.043835242 0.863454127
36020.000000000 0.739899789 0.042556991 0.042556991 0.838275512
36030.000000000 0.721288408 0.040838471 0.040838471 0.805460544
36040.000000000 0.684545590 0.040991411 0.040991411 0.808476998
36050.000000000 0.688181195 0.040673001 0.040673001 0.803227410
36060.000000000 0.697454541 0.042702935 0.042702935 0.843315399
36070.000000000 0.708309133 0.042244405 0.042244405 0.834260157
36080.000000000 0.692501126 0.042097173 0.042097173 0.831352561
36090.000000000 0.688328402 0.043851230 0.043851230 0.865992403
36100.000000000 0.706836883 0.043581637 0.043581637 0.860668367
36110.000000000 0.708270024 0.042380504 0.042380504 0.836947884
36120.000000000 0.712400685 0.039914857 0.039914857 0.788255261
36130.000000000 0.703199329 0.040749196 0.040749196 0.804732140
36140.000000000 0.712281592 0.040219984 0.040219984 0.794281040
36150.000000000 0.710286941 0.041002416 0.041002416 0.809732841
36160.000000000 0.706372843 0.041038364 0.041038364 0.810442745
36170.000000000 0.708147434 0.040005453 0.040005453 0.790044385
36180.000000000 0.725282605 0.039287134 0.039287134 0.775858734
36190.000000000 0.727455367 0.040127645 0.040127645 0.792457493
36200.000000000 0.737286588 0.041640160 0.041640160 0.823380857
36210.000000000 0.761850408 0.043112334 0.043112334 0.852491225
36220.000000000 0.729441256 0.043094301 0.043094301 0.852134638
36230.000000000 0.729210075 0.041416982 0.041416982 0.818967807
36240.000000000 0.716189098 0.042325788 0.042325788 0.836938280
36250.000000000 0.712697962 0.042851860 0.042851860 0.847340684
36260.000000000 0.701206891 0.043183118 0.043183118 0.853890887
36270.000000000 0.699679789 0.041871621 0.041871621 0.827957708
36280.000000000 0.700845233 0.042938504 0.042938504 0.849053946
36290.000000000 0.693816592 0.045031488 0.045031488 0.890440037
36300.000000000 0.679831372 0.046774897 0.046774897 0.924913712
36310.000000000 0.656323719 0.049215219 0.049215219 0.973167964
36320.000000000 0.661031543 0.048011482 0.048011482 0.949365608
36330.000000000 0.678900735 0.048620175 0.048620175 0.961401717
36340.000000000 0.674568508 0.046898250 0.046898250 0.927352863
36350.000000000 0.642135460 0.046818244 0.046818244 0.925770836
36360.000000000 0.626281450 0.046850845 0.046850845 0.926415483
36370.000000000 0.641381604 0.045644370 0.045644370 0.902558984
36380.000000000 0.641620066 0.044752983 0.044752983 0.884932945
36390.000000000 0.620022525 0.046487500 0.046487500 0.919230809
36400.000000000 0.641818174 0.047286648 0.047286648 0.935032932
36410.000000000 0.655389346 0.047217918 0.047217918 0.933673895
36420.000000000 0.640189350 0.043723209 0.043723209 0.864570493
36430.000000000 0.675949680 0.042033339 0.042033339 0.831155465
36440.000000000 0.695216247 0.042550597 0.042550597 0.841383596
36450.000000000 0.697719468 0.041822640 0.041822640 0.826989170
36460.000000000 0.695596738 0.041499768 0.041499768 0.820604786
36470.000000000 0.717815992 0.040240538 0.040240538 0.794686945
36480.000000000 0.728379540 0.040849630 0.040849630 0.806715549
36490.000000000 0.744886046 0.040354954 0.040354954 0.796946491
36500.000000000 0.743677662 0.040448685 0.040448685 0.798797525
36510.000000000 0.744433073 0.038722563 0.038722563 0.764709353
36520.000000000 0.773456437 0.039061620 0.039061620 0.771405188
36530.000000000 0.796440658 0.039348593 0.039348593 0.777072441
36540.000000000 0.769265413 0.040777336 0.040777336 0.805287872
36550.000000000 0.775688833 0.040106142 0.040106142 0.792032840
36560.000000000 0.787838681 0.039680003 0.039680003 0.783617273
36570.000000000 0.773804972 0.040060150 0.040060150 0.791124579
36580.000000000 0.773202014 0.040315261 0.040315261 0.796162619
36590.000000000 0.813789710 0.039392010 0.039392010 0.777929864
36600.000000000 0.788767392 0.039553448 0.039553448 0.781118017
36610.000000000 0.780830481 0.039811588 0.039811588 0.786215875
36620.000000000 0.785952501 0.038890069 0.038890069 0.768017324
36630.000000000 0.798565519 0.038368024 0.038368024 0.757707769
36640.000000000 0.780853683 0.039716513 0.039716513 0.784338280
36650.000000000 0.769900001 0.039724182 0.039724182 0.784489743
36660.000000000 0.795209091 0.039483104 0.039483104 0.779728822
36670.000000000 0.768181320 0.039750943 0.039750943 0.785018224
36680.000000000 0.785518572 0.040546234 0.040546234 0.800723969
36690.000000000 0.785230939 0.041026105 0.041026105 0.810200653
36700.000000000 0.761055129 0.043221371 0.043221371 0.853553694
36710.000000000 0.746216356 0.042848822 0.042848822 0.846196424
36720.000000000 0.739714595 0.044546146 0.044546146 0.879715888
36730.000000000 0.717402349 0.044650921 0.044650921 0.881785028
36740.000000000 0.732058229 0.044840639 0.044840639 0.885531658
36750.000000000 0.700953634 0.043989843 0.043989843 0.867615318
36760.000000000 0.684934448 0.045069320 0.045069320 0.888905936
36770.000000000 0.697238577 0.044961485 0.044961485 0.886779100
36780.000000000 0.715321818 0.046148876 0.046148876 0.910198099
36790.000000000 0.724406625 0.046248888 0.046248888 0.912170650
36800.000000000 0.744273326 0.044725726 0.044725726 0.882129202
36810.000000000 0.775723061 0.043544107 0.043544107 0.858824038
36820.000000000 0.785742710 0.044675460 0.044675460 0.881137806
36830.000000000 0.780864785 0.044447290 0.044447290 0.876637594
36840.000000000 0.784773965 0.043283051 0.043283051 0.853675211
36850.000000000 0.780985899 0.043172850 0.043172850 0.851501698
36860.000000000 0.803595485 0.043007358 0.043007358 0.848237692
36870.000000000 0.770625913 0.043510228 0.043510228 0.858155829
36880.000000000 0.742300578 0.040829092 0.040829092 0.805275572
36890.000000000 0.761704574 0.040534747 0.040534747 0.799470181
36900.000000000 0.728537370 0.040029060 0.040029060 0.789496462
36910.000000000 0.722933326 0.041999861 0.041999861 0.828366732
36920.000000000 0.723456899 0.040833748 0.040833748 0.805367389
36930.000000000 0.713440555 0.040073507 0.040073507 0.790373110
36940.000000000 0.752828771 0.040775628 0.040775628 0.804221100
36950.000000000 0.731072933 0.041204015 0.041204015 0.812670211
36960.000000000 0.716881946 0.041433873 0.041433873 0.817203707
36970.000000000 0.728782895 0.041061691 0.041061691 0.809863139
36980.000000000 0.717248491 0.042083293 0.042083293 0.830012275
36990.000000000 0.749185857 0.043632263 0.043632263 0.860562738
37000.000000000 0.740580189 0.044161043 0.044161043 0.870991916
37010.000000000 0.710483965 0.042508543 0.042508543 0.838399518
37020.000000000 0.690496123 0.041721171 0.041721171 0.822870112
37030.000000000 0.720043161 0.042006213 0.042006213 0.828492021
37040.000000000 0.731483203 0.039613669 0.039613669 0.781303686
37050.000000000 0.741134881 0.039536229 0.039536229 0.779776316
37060.000000000 0.732590074 0.040753186 0.040753186 0.803778463
37070.000000000 0.735841696 0.040342333 0.040342333 0.794651805
37080.000000000 0.709854618 0.042035214 0.042035214 0.827997690
37090.000000000 0.716229838 0.040942641 0.040942641 0.805436550
37100.000000000 0.721589111 0.041241333 0.041241333 0.811312525
37110.000000000 0.735876644 0.041227200 0.041227200 0.811034482
37120.000000000 0.736170860 0.041282107 0.041282107 0.812114631
37130.000000000 0.761753460 0.042412074 0.042412074 0.834343699
37140.000000000 0.785706270 0.042420111 0.042420111 0.834501814
37150.000000000 0.773037132 0.042727671 0.042727671 0.841637514
37160.000000000 0.766421206 0.045525766 0.045525766 0.896753583
37170.000000000 0.758377033 0.046164245 0.046164245 0.909330164
37180.000000000 0.774585582 0.046510232 0.046510232 0.917325157
37190.000000000 0.801274211 0.048245194 0.048245194 0.951543971
37200.000000000 0.814518376 0.049534336 0.049534336 0.978224749
37210.000000000 0.788333219 0.050064805 0.050064805 0.987432309
37220.000000000 0.759242380 0.048574445 0.048574445 0.958037805
37230.000000000 0.759843856 0.046233986 0.046233986 0.911876734
37240.000000000 0.760039821 0.044289786 0.044289786 0.873531118
37250.000000000 0.785923348 0.046691472 0.046691472 0.920899782
37260.000000000 0.767369945 0.045616070 0.045616070 0.899689529
37270.000000000 0.766483852 0.046426721 0.046426721 0.915678074
37280.000000000 0.766342467 0.044454646 0.044454646 0.876782661
37290.000000000 0.740479841 0.045421287 0.045421287 0.895847808
37300.000000000 0.693443493 0.045352844 0.045352844 0.894497912
37310.000000000 0.712364805 0.044388639 0.044388639 0.875480801
37320.000000000 0.692098844 0.042032023 0.042032023 0.829001068
37330.000000000 0.695382580 0.040540098 0.040540098 0.799575714
37340.000000000 0.737341711 0.040496830 0.040496830 0.798722333
37350.000000000 0.711189747 0.040204655 0.040204655 0.792959747
37360.000000000 0.698918641 0.041505348 0.041505348 0.818613428
37370.000000000 0.705524520 0.042930448 0.042930448 0.845631760
37380.000000000 0.683820959 0.043865334 0.043865334 0.864046871
37390.000000000 0.692705883 0.046651937 0.046651937 0.918936586
37400.000000000 0.682234654 0.045390547 0.045390547 0.894090088
37410.000000000 0.678169376 0.044204532 0.044204532 0.870728292
37420.000000000 0.674808081 0.045688172 0.045688172 0.899952626
37430.000000000 0.672510824 0.045562788 0.045562788 0.897482833
37440.000000000 0.666704921 0.043361360 0.043361360 0.854119739
37450.000000000 0.665040132 0.045187219 0.045187219 0.890084997
37460.000000000 0.665651867 0.045834969 0.045834969 0.902844184
37470.000000000 0.654271911 0.047253591 0.047253591 0.930787803
37480.000000000 0.674609301 0.046943120 0.046943120 0.924672224
37490.000000000 0.732881698 0.045283588 0.045283588 0.891983234
37500.000000000 0.711942350 0.044231826 0.044231826 0.871265920
37510.000000000 0.738446286 0.044509133 0.044509133 0.876728246
37520.000000000 0.760489182 0.045139118 0.045139118 0.890282564
37530.000000000 0.766597713 0.044339360 0.044339360 0.874508870
37540.000000000 0.718342997 0.046030329 0.046030329 0.907859994
37550.000000000 0.731082526 0.044667355 0.044667355 0.880977943
37560.000000000 0.722958902 0.045293339 0.045293339 0.893324289
37570.000000000 0.731568072 0.046562373 0.046562373 0.918353548
37580.000000000 0.731002212 0.045129914 0.045129914 0.890101040
37590.000000000 0.730104237 0.045921027 0.045921027 0.905704228
37600.000000000 0.708652662 0.047132990 0.047132990 0.929607875
37610.000000000 0.708887340 0.046076407 0.046076407 0.908768796
37620.000000000 0.708271856 0.045569350 0.045569350 0.898768066
37630.000000000 0.731018140 0.044396789 0.044396789 0.874515316
37640.000000000 0.719931718 0.044054462 0.044054462 0.866653285
37650.000000000 0.759187525 0.045493376 0.045493376 0.894960045
37660.000000000 0.769784143 0.046891098 0.046891098 0.922456485
37670.000000000 0.761857433 0.046412465 0.046412465 0.913040662
37680.000000000 0.780802189 0.047531736 0.047531736 0.935059306
37690.000000000 0.768634526 0.045864304 0.045864304 0.902257064
37700.000000000 0.752255044 0.047930752 0.047930752 0.942908872
37710.000000000 0.749108100 0.047927795 0.047927795 0.942850705
37720.000000000 0.749917660 0.049745949 0.049745949 0.978618011
37730.000000000 0.779667531 0.048122988 0.048122988 0.945466701
37740.000000000 0.772111814 0.047054064 0.047054064 0.924465668
37750.000000000 0.776802186 0.046567419 0.046567419 0.914904622
37760.000000000 0.795046455 0.046033026 0.046033026 0.904405457
37770.000000000 0.764924006 0.047982418 0.047982418 0.943925277
37780.000000000 0.743797892 0.050276715 0.050276715 0.990336432
37790.000000000 0.757640121 0.050719163 0.050719163 0.999051639
37800.000000000 0.752914184 0.049063005 0.049063005 0.966429124
37810.000000000 0.752845049 0.047765417 0.047765417 0.939656362
37820.000000000 0.763363984 0.048250307 0.048250307 0.949195260
37830.000000000 0.764620391 0.047392779 0.047392779 0.931120371
37840.000000000 0.784568364 0.044342988 0.044342988 0.871201492
37850.000000000 0.752959614 0.044586814 0.044586814 0.875991908
37860.000000000 0.745952390 0.044740871 0.044740871 0.879018640
37870.000000000 0.729824396 0.046555380 0.046555380 0.914668080
37880.000000000 0.717447464 0.045181737 0.045181737 0.887680280
37890.000000000 0.722590532 0.045596857 0.045596857 0.895836109
37900.000000000 0.720693077 0.045217389 0.045217389 0.888380747
37910.000000000 0.738225159 0.043627888 0.043627888 0.857152005
37920.000000000 0.755690256 0.042640835 0.042640835 0.837759474
37930.000000000 0.754967272 0.041382561 0.041382561 0.813038316
37940.000000000 0.740790067 0.042922234 0.042922234 0.844379741
37950.000000000 0.741105548 0.042772699 0.042772699 0.841438034
37960.000000000 0.741425151 0.043392755 0.043392755 0.853635973
37970.000000000 0.742660150 0.041307757 0.041307757 0.812619224
37980.000000000 0.756348921 0.041433825 0.041433825 0.815099288
37990.000000000 0.764791323 0.042380880 0.042380880 0.833730046
38000.000000000 0.747860514 0.042611447 0.042611447 0.838265832
38010.000000000 0.760576786 0.044612254 0.044612254 0.877626344
38020.000000000 0.759347651 0.046565755 0.046565755 0.916056232
38030.000000000 0.775456213 0.045446882 0.045446882 0.894045402
38040.000000000 0.761269913 0.045431313 0.045431313 0.893739117
38050.000000000 0.774290545 0.046012181 0.046012181 0.903995926
38060.000000000 0.778977026 0.044080746 0.044080746 0.866049254
38070.000000000 0.786918835 0.044907609 0.044907609 0.882294519
38080.000000000 0.744928160 0.043785090 0.043785090 0.860240528
38090.000000000 0.700889279 0.046165821 0.046165821 0.907014474
38100.000000000 0.717076980 0.046785169 0.046785169 0.919182719
38110.000000000 0.707355461 0.047748740 0.047748740 0.938113894
38120.000000000 0.687015828 0.047076715 0.047076715 0.924910702
38130.000000000 0.700618174 0.047742797 0.047742797 0.936781324
38140.000000000 0.710877824 0.046499769 0.046499769 0.912391353
38150.000000000 0.695143400 0.046195295 0.046195295 0.906417132
38160.000000000 0.687698450 0.048297692 0.048297692 0.947669149
38170.000000000 0.690866556 0.047381605 0.047381605 0.929694219
38180.000000000 0.690942257 0.045120718 0.045120718 0.885332410
38190.000000000 0.691629998 0.046096122 0.046096122 0.904471235
38200.000000000 0.689884155 0.044008541 0.044008541 0.863509921
38210.000000000 0.695405108 0.045266250 0.045266250 0.888187956
38220.000000000 0.653886764 0.045809520 0.045809520 0.898847692
38230.000000000 0.646431576 0.044680241 0.044680241 0.876689631
38240.000000000 0.677671007 0.045543107 0.045543107 0.892458984
38250.000000000 0.683608093 0.044323143 0.044323143 0.868552668
38260.000000000 0.680404929 0.045344638 0.045344638 0.888569807
38270.000000000 0.714033698 0.046435069 0.046435069 0.909937801
38280.000000000 0.701713009 0.044890555 0.044890555 0.879671634
38290.000000000 0.720268202 0.043907877 0.043907877 0.860415149
38300.000000000 0.713128811 0.045382316 0.045382316 0.889308147
38310.000000000 0.718323184 0.046077476 0.046077476 0.902930443
38320.000000000 0.704518983 0.045380948 0.045380948 0.889281325
38330.000000000 0.724781948 0.044664030 0.044664030 0.875232662
38340.000000000 0.752718982 0.045326312 0.045326312 0.888210691
38350.000000000 0.788366643 0.045323593 0.045323593 0.888157418
38360.000000000 0.808381171 0.046590765 0.046590765 0.912988802
38370.000000000 0.799089572 0.047050751 0.047050751 0.920801351
38380.000000000 0.765694947 0.046262139 0.046262139 0.905367914
38390.000000000 0.790058617 0.046481874 0.046481874 0.909668204
38400.000000000 0.781606416 0.046785159 0.046785159 0.915603617
38410.000000000 0.782006689 0.046416561 0.046416561 0.908390015
38420.000000000 0.770171672 0.043738943 0.043738943 0.855987993
38430.000000000 0.743568682 0.043959151 0.043959151 0.860297546
38440.000000000 0.751177098 0.043220458 0.043220458 0.845841035
38450.000000000 0.743020775 0.042742378 0.042742378 0.836484835
38460.000000000 0.764248772 0.045977842 0.045977842 0.899804114
38470.000000000 0.749834091 0.047255798 0.047255798 0.924814198
38480.000000000 0.733780136 0.046493420 0.046493420 0.909894169
38490.000000000 0.722581213 0.046101560 0.046101560 0.902225308
38500.000000000 0.710138915 0.044570073 0.044570073 0.872253514
38510.000000000 0.695319430 0.044422737 0.044422737 0.869370110
38520.000000000 0.691962531 0.045640612 0.045640612 0.893204391
38530.000000000 0.678289568 0.045093928 0.045093928 0.882505568
38540.000000000 0.702370248 0.041140025 0.041140025 0.805126154
38550.000000000 0.720555759 0.041999543 0.041999543 0.821947254
38560.000000000 0.731451878 0.044547091 0.044547091 0.871803751
38570.000000000 0.733598681 0.044068908 0.044068908 0.863570705
38580.000000000 0.712472723 0.044084330 0.044084330 0.863872921
38590.000000000 0.690077958 0.043652743 0.043652743 0.855415577
38600.000000000 0.662902903 0.045990422 0.045990422 0.901224535
38610.000000000 0.658201955 0.045572387 0.045572387 0.893032760
38620.000000000 0.656159961 0.045007715 0.045007715 0.881967491
38630.000000000 0.649050076 0.045106050 0.045106050 0.883894448
38640.000000000 0.650153440 0.044822069 0.044822069 0.878329595
38650.000000000 0.665260101 0.044322847 0.044322847 0.868546878
38660.000000000 0.666977454 0.045084108 0.045084108 0.883464480
38670.000000000 0.683526260 0.043725375 0.043725375 0.856838868
38680.000000000 0.671843122 0.044391483 0.044391483 0.869891851
38690.000000000 0.706279567 0.043351857 0.043351857 0.848412564
38700.000000000 0.734069571 0.043291756 0.043291756 0.847236365
38710.000000000 0.736325664 0.044703468 0.044703468 0.873721257
38720.000000000 0.719611002 0.045668543 0.045668543 0.892583475
38730.000000000 0.708959404 0.044477637 0.044477637 0.869307429
38740.000000000 0.728367412 0.044447417 0.044447417 0.868716779
38750.000000000 0.722185096 0.042969808 0.042969808 0.839837184
38760.000000000 0.755275481 0.043674576 0.043674576 0.852493708
38770.000000000 0.721117861 0.045006434 0.045006434 0.877336920
38780.000000000 0.704068760 0.044739911 0.044739911 0.870993111
38790.000000000 0.721206103 0.047279785 0.047279785 0.920439189
38800.000000000 0.691425558 0.046744864 0.046744864 0.910025380
38810.000000000 0.677643937 0.046822920 0.046822920 0.911544963
38820.000000000 0.707238674 0.045119267 0.045119267 0.878378385
38830.000000000 0.671118424 0.042892325 0.042892325 0.835024450
38840.000000000 0.656913404 0.041763052 0.041763052 0.813039852
38850.000000000 0.645946185 0.044558427 0.044558427 0.867459993
38860.000000000 0.661762182 0.043967016 0.043967016 0.855946450
38870.000000000 0.676935757 0.045331840 0.045331840 0.882516733
38880.000000000 0.661707207 0.044087200 0.044087200 0.858286195
38890.000000000 0.672640888 0.043937295 0.043937295 0.855367854
38900.000000000 0.713099259 0.044750588 0.044750588 0.872349564
38910.000000000 0.740182259 0.047901615 0.047901615 0.933774390
38920.000000000 0.754116608 0.046798263 0.046798263 0.912266092
38930.000000000 0.743515063 0.047002802 0.047002802 0.916253293
38940.000000000 0.748106259 0.045303192 0.045303192 0.883121793
38950.000000000 0.749549589 0.046678830 0.046678830 0.909937903
38960.000000000 0.756001860 0.045135568 0.045135568 0.879854197
38970.000000000 0.762005589 0.044002938 0.044002938 0.858903091
38980.000000000 0.739638850 0.044383526 0.044383526 0.866331859
38990.000000000 0.737488321 0.044360598 0.044360598 0.865884329
39000.000000000 0.762760600 0.044644490 0.044644490 0.871425673
39010.000000000 0.764357211 0.048074851 0.048074851 0.938383664
39020.000000000 0.755530809 0.045512403 0.045512403 0.888366660
39030.000000000 0.768797087 0.045839055 0.045839055 0.894742666
39040.000000000 0.753465727 0.048784659 0.048784659 0.952238551
39050.000000000 0.727624460 0.046124737 0.046124737 0.900318956
39060.000000000 0.721427860 0.042127901 0.042127901 0.822303816
39070.000000000 0.746319325 0.042199465 0.042199465 0.823700692
39080.000000000 0.753981799 0.042788354 0.042788354 0.835195358
39090.000000000 0.769085126 0.044407515 0.044407515 0.866800108
39100.000000000 0.765581443 0.046313175 0.046313175 0.903997103
39110.000000000 0.780546740 0.044808905 0.044808905 0.874634933
39120.000000000 0.758256674 0.043432606 0.043432606 0.847770654
39130.000000000 0.758267918 0.044119694 0.044119694 0.861182065
39140.000000000 0.761616187 0.043640658 0.043640658 0.851831660
39150.000000000 0.787755309 0.044566753 0.044566753 0.869908321
39160.000000000 0.765189294 0.045998436 0.045998436 0.897853653
39170.000000000 0.778202882 0.046593761 0.046593761 0.909473931
39180.000000000 0.766923829 0.050141645 0.050141645 0.978725870
39190.000000000 0.775260344 0.053918932 0.053918932 1.051073488
39200.000000000 0.775219431 0.052194972 0.052194972 1.017467314
39210.000000000 0.791493284 0.054040538 0.054040538 1.053444027
39220.000000000 0.767398757 0.053821623 0.053821623 1.049176581
39230.000000000 0.784307086 0.051984597 0.051984597 1.013366344
39240.000000000 0.738330234 0.050489915 0.050489915 0.984229631
39250.000000000 0.738014966 0.052283429 0.052283429 1.019191653
39260.000000000 0.720941637 0.052358849 0.052358849 1.020661869
39270.000000000 0.725527143 0.053553268 0.053553268 1.043945386
39280.000000000 0.694105109 0.052017404 0.052017404 1.014005880
39290.000000000 0.687576333 0.053217999 0.053217999 1.037409787
39300.000000000 0.701297279 0.051614630 0.051614630 1.006154367
39310.000000000 0.714942223 0.052270092 0.052270092 1.018931677
39320.000000000 0.716661859 0.051483286 0.051483286 1.003594006
39330.000000000 0.722531513 0.051857527 0.051857527 1.010889309
39340.000000000 0.708246610 0.050906237 0.050906237 0.992345244
39350.000000000 0.683624560 0.050031909 0.050031909 0.974017314
39360.000000000 0.667771935 0.048781622 0.048781622 0.949676829
39370.000000000 0.714799611 0.049112214 0.049112214 0.956112776
39380.000000000 0.750803101 0.050497005 0.050497005 0.983071769
39390.000000000 0.726363249 0.052041439 0.052041439 1.011801222
39400.000000000 0.719786311 0.052463113 0.052463113 1.019999502
39410.000000000 0.730978615 0.053720892 0.053720892 1.044453518
39420.000000000 0.716051886 0.055568779 0.055568779 1.080380544
39430.000000000 0.708850220 0.056373747 0.056373747 1.096030911
39440.000000000 0.692524292 0.055387609 0.055387609 1.076858200
39450.000000000 0.690753224 0.055242133 0.055242133 1.074029811
39460.000000000 0.692195253 0.054548300 0.054548300 1.060540159
39470.000000000 0.683430230 0.052218540 0.052218540 1.015244450
39480.000000000 0.703546031 0.051257404 0.051257404 0.996557833
39490.000000000 0.689320705 0.052061517 0.052061517 1.010851812
39500.000000000 0.707169459 0.051490055 0.051490055 0.999756033
39510.000000000 0.753090409 0.050321750 0.050321750 0.977071650
39520.000000000 0.737687155 0.051247918 0.051247918 0.995054579
39530.000000000 0.713954293 0.050659378 0.050659378 0.983627194
39540.000000000 0.685914973 0.050542547 0.050542547 0.981358759
39550.000000000 0.673589471 0.050616777 0.050616777 0.982800040
39560.000000000 0.675623392 0.047310540 0.047310540 0.918604526
39570.000000000 0.691142986 0.046217220 0.046217220 0.897376088
39580.000000000 0.684721265 0.045640305 0.045640305 0.886174422
39590.000000000 0.707815665 0.046047937 0.046047937 0.894089211
39600.000000000 0.708806719 0.047681824 0.047681824 0.925813550
39610.000000000 0.684969347 0.049699848 0.049699848 0.964996500
39620.000000000 0.686572458 0.049291012 0.049291012 0.958326797
39630.000000000 0.723061866 0.048458699 0.048458699 0.940897739
39640.000000000 0.749882669 0.047200353 0.047200353 0.916465077
39650.000000000 0.735389092 0.048841386 0.048841386 0.948328173
39660.000000000 0.699001788 0.049370929 0.049370929 0.958610034
39670.000000000 0.714124063 0.049327187 0.049327187 0.956489650
39680.000000000 0.693445545 0.049488829 0.049488829 0.960899250
39690.000000000 0.656443358 0.048161407 0.048161407 0.935125367
39700.000000000 0.669887753 0.050272984 0.050272984 0.976124781
39710.000000000 0.684945624 0.048311760 0.048311760 0.938044695
39720.000000000 0.687003944 0.046998799 0.046998799 0.912551606
39730.000000000 0.714039862 0.048278256 0.048278256 0.936150117
39740.000000000 0.702553627 0.048998202 0.048998202 0.950110385
39750.000000000 0.691659697 0.049311869 0.049311869 0.956192615
39760.000000000 0.703850928 0.050562985 0.050562985 0.980452661
39770.000000000 0.674996276 0.051840091 0.051840091 1.005216654
39780.000000000 0.693740420 0.050522266 0.050522266 0.979663077
39790.000000000 0.725751502 0.053802196 0.053802196 1.043263279
39800.000000000 0.774263552 0.052916720 0.052916720 1.026093277
39810.000000000 0.766802404 0.051536076 0.051536076 0.999321595
39820.000000000 0.760020393 0.048463766 0.048463766 0.939747288
39830.000000000 0.745904934 0.048203893 0.048203893 0.934708161
39840.000000000 0.762256145 0.048834889 0.048834889 0.946943631
39850.000000000 0.763240958 0.047035863 0.047035863 0.912059218
39860.000000000 0.782142061 0.048606388 0.048606388 0.942512827
39870.000000000 0.756148638 0.049756042 0.049756042 0.964805448
39880.000000000 0.771949551 0.050186967 0.050186967 0.973161402
39890.000000000 0.798483350 0.051164284 0.051164284 0.992112279
39900.000000000 0.775080924 0.051783043 0.051783043 1.004110454
39910.000000000 0.727827401 0.050186368 0.050186368 0.973149782
39920.000000000 0.757883953 0.048557625 0.048557625 0.941567278
39930.000000000 0.767948856 0.049512089 0.049512089 0.960075026
39940.000000000 0.741954201 0.047971188 0.047971188 0.930195838
39950.000000000 0.748108001 0.046534109 0.046534109 0.902329852
39960.000000000 0.744489080 0.046795148 0.046795148 0.906184138
39970.000000000 0.766284249 0.045673017 0.045673017 0.885632668
39980.000000000 0.760289444 0.044571083 0.044571083 0.864265360
39990.000000000 0.764614321 0.045480957 0.045480957 0.881908485
40000.000000000 0.732170522 0.044439352 0.044439352 0.862856145
40010.000000000 0.762348756 0.046844969 0.046844969 0.909564768
40020.000000000 0.750850656 0.048601142 0.048601142 0.943663475
40030.000000000 0.772210985 0.051026777 0.051026777 0.990760795
40040.000000000 0.709663217 0.049613175 0.049613175 0.963313602
40050.000000000 0.692181626 0.050742363 0.050742363 0.983930932
40060.000000000 0.717643692 0.050903144 0.050903144 0.987048585
40070.000000000 0.701107014 0.051152005 0.051152005 0.991874186
40080.000000000 0.704356130 0.052995793 0.052995793 1.028992170
40090.000000000 0.700189442 0.053792192 0.053792192 1.044455444
40100.000000000 0.700846667 0.057051611 0.057051611 1.107741920
40110.000000000 0.668500352 0.056890203 0.056890203 1.103141973
40120.000000000 0.702941420 0.057068037 0.057068037 1.106590301
40130.000000000 0.711895023 0.055164114 0.055164114 1.069671852
40140.000000000 0.713737095 0.054585402 0.054585402 1.058450208
40150.000000000 0.726769544 0.054465626 0.054465626 1.056127674
40160.000000000 0.732247208 0.055270762 0.055270762 1.071739834
40170.000000000 0.741253428 0.055897015 0.055897015 1.083883344
40180.000000000 0.721086120 0.054865703 0.054865703 1.063885456
40190.000000000 0.769255298 0.053958310 0.053958310 1.046290453
40200.000000000 0.769583011 0.056729816 0.056729816 1.102953676
40210.000000000 0.773781152 0.056301703 0.056301703 1.094630218
40220.000000000 0.732834917 0.054103549 0.054103549 1.051893216
40230.000000000 0.735751629 100000000000000000000.000000000 0.056292039 1.094442326
40240.000000000 0.731418308 100000000000000000000.000000000 0.054357062 1.056822079
40250.000000000 0.747445358 100000000000000000000.000000000 0.054397860 1.057615272
40260.000000000 0.751389063 100000000000000000000.000000000 0.056463330 1.097772605
40270.000000000 0.743327830 100000000000000000000.000000000 0.054633016 1.062187229
40280.000000000 0.713399353 100000000000000000000.000000000 0.054750690 1.064475080
40290.000000000 0.738565118 100000000000000000000.000000000 0.053055658 1.030154534
40300.000000000 0.714925948 100000000000000000000.000000000 0.054130239 1.051019134
40310.000000000 0.750342466 100000000000000000000.000000000 0.055085354 1.070981681
40320.000000000 0.738141770 100000000000000000000.000000000 0.053628574 1.042658651
40330.000000000 0.727369234 100000000000000000000.000000000 0.053224333 1.034799293
40340.000000000 0.734957217 100000000000000000000.000000000 0.050843277 0.988506292
40350.000000000 0.717958719 100000000000000000000.000000000 0.051516339 1.001592114
40360.000000000 0.724692770 100000000000000000000.000000000 0.049781388 0.967860794
40370.000000000 0.716204789 100000000000000000000.000000000 0.048855768 0.948607433
40380.000000000 0.721896897 100000000000000000000.000000000 0.047208085 0.916615205
40390.000000000 0.715654195 100000000000000000000.000000000 0.046520859 0.903271696
40400.000000000 0.708087474 100000000000000000000.000000000 0.046366924 0.899088021
40410.000000000 0.713178745 100000000000000000000.000000000 0.046173226 0.895332070
40420.000000000 0.778656552 100000000000000000000.000000000 0.048866539 0.947557354
40430.000000000 0.798344916 100000000000000000000.000000000 0.050138528 0.972222124
40440.000000000 0.790028982 100000000000000000000.000000000 0.050200597 0.973425700
40450.000000000 0.787937788 100000000000000000000.000000000 0.053682018 1.040932952
40460.000000000 0.775026515 100000000000000000000.000000000 0.050746086 0.984003123
40470.000000000 0.785321948 100000000000000000000.000000000 0.050448294 0.978228722
40480.000000000 0.760655217 100000000000000000000.000000000 0.052745456 1.022772334
40490.000000000 0.744140135 100000000000000000000.000000000 0.055500342 1.076191555
40500.000000000 0.745412413 100000000000000000000.000000000 0.054961874 1.065750280
40510.000000000 0.761745740 100000000000000000000.000000000 0.053952896 1.046185461
40520.000000000 0.775252452 100000000000000000000.000000000 0.052250325 1.013171388
40530.000000000 0.792679144 100000000000000000000.000000000 0.049754713 0.963495868
40540.000000000 0.809894185 100000000000000000000.000000000 0.049882470 0.965969872
40550.000000000 0.792144927 100000000000000000000.000000000 0.049868271 0.965694917
40560.000000000 0.816595043 100000000000000000000.000000000 0.050844649 0.984602398
40570.000000000 0.832663939 100000000000000000000.000000000 0.051124603 0.991342828
40580.000000000 0.831754873 100000000000000000000.000000000 0.050752260 0.984122829
40590.000000000 0.831413027 100000000000000000000.000000000 0.050647399 0.982089508
40600.000000000 0.849907105 100000000000000000000.000000000 0.051101828 0.990901210
40610.000000000 0.863733723 100000000000000000000.000000000 0.050904111 0.987067330
40620.000000000 0.859521883 100000000000000000000.000000000 0.052988545 1.027486016
40630.000000000 0.894745409 100000000000000000000.000000000 0.055656884 1.079227015
40640.000000000 0.939800760 100000000000000000000.000000000 0.055713155 1.080318158
40650.000000000 0.980390194 100000000000000000000.000000000 0.056728822 1.100012667
40660.000000000 1.024645020 100000000000000000000.000000000 0.055425581 1.074741889
40670.000000000 1.059954993 100000000000000000000.000000000 0.057838751 1.121534988
40680.000000000 1.109822751 100000000000000000000.000000000 0.057586645 1.116646475
40690.000000000 1.204675019 100000000000000000000.000000000 0.057906585 1.121356191
40700.000000000 1.204621731 100000000000000000000.000000000 0.060987751 1.181022710
40710.000000000 1.199460497 100000000000000000000.000000000 0.063880922 1.237048726
40720.000000000 1.236540756 100000000000000000000.000000000 0.062765196 1.215442793
40730.000000000 1.279213538 100000000000000000000.000000000 0.063538767 1.230422937
40740.000000000 1.306765785 100000000000000000000.000000000 0.060364893 1.170518712
40750.000000000 1.333650187 100000000000000000000.000000000 0.062461776 1.211178780
40760.000000000 1.299041767 100000000000000000000.000000000 0.062733716 1.216451885
40770.000000000 1.341449758 100000000000000000000.000000000 0.061386448 1.190327385
40780.000000000 1.288713197 100000000000000000000.000000000 0.060331268 1.169866696
40790.000000000 1.298010071 100000000000000000000.000000000 0.060086176 1.165114181
40800.000000000 1.261336019 100000000000000000000.000000000 0.060160663 1.166558540
40810.000000000 1.223186507 100000000000000000000.000000000 0.059644277 1.153465413
40820.000000000 1.152206718 100000000000000000000.000000000 0.059444370 1.151135275
40830.000000000 1.128840660 100000000000000000000.000000000 0.058567546 1.134155647
40840.000000000 1.083751450 100000000000000000000.000000000 0.057257202 1.108780951
40850.000000000 1.047902465 100000000000000000000.000000000 0.055705656 1.078735395
40860.000000000 1.019331725 100000000000000000000.000000000 0.054517230 1.055721625
40870.000000000 0.968706317 100000000000000000000.000000000 0.054755755 1.057509274
40880.000000000 0.952002183 100000000000000000000.000000000 0.057746554 1.115271206
40890.000000000 0.940103577 100000000000000000000.000000000 0.056637006 1.093842267
40900.000000000 0.933128411 100000000000000000000.000000000 0.057226684 1.105230843
40910.000000000 0.920275908 100000000000000000000.000000000 0.059317422 1.145609702
40920.000000000 0.905715915 100000000000000000000.000000000 0.058228553 1.124580141
40930.000000000 0.896166482 100000000000000000000.000000000 0.055406208 1.070071613
40940.000000000 0.898081443 100000000000000000000.000000000 0.054446601 1.050128002
40950.000000000 0.894963739 100000000000000000000.000000000 0.054742761 1.055840132
40960.000000000 0.868566537 100000000000000000000.000000000 0.055076368 1.062274513
40970.000000000 0.862933265 100000000000000000000.000000000 0.055139583 1.063493758
40980.000000000 0.829702871 100000000000000000000.000000000 0.054769226 1.056350584
40990.000000000 0.841962458 100000000000000000000.000000000 0.054116408 1.043759485
41000.000000000 0.838621718 100000000000000000000.000000000 0.054603244 1.053149237
41010.000000000 0.818229185 100000000000000000000.000000000 0.059296524 1.142131704
41020.000000000 0.792662660 100000000000000000000.000000000 0.058377949 1.124438704
41030.000000000 0.771760226 100000000000000000000.000000000 0.059084036 1.138038908
41040.000000000 0.751950051 100000000000000000000.000000000 0.060412636 1.163629540
41050.000000000 0.747083456 100000000000000000000.000000000 0.062747653 1.208605147
41060.000000000 0.732614896 100000000000000000000.000000000 0.061613882 1.186767173
41070.000000000 0.719822617 100000000000000000000.000000000 0.062693260 1.207557471
41080.000000000 0.734766713 100000000000000000000.000000000 0.061741975 1.189234420
41090.000000000 0.725640992 100000000000000000000.000000000 0.062516490 1.204152644
41100.000000000 0.719198620 100000000000000000000.000000000 0.060206956 1.161229721
41110.000000000 0.725555407 100000000000000000000.000000000 0.058420589 1.126775521
41120.000000000 0.726081931 100000000000000000000.000000000 0.060998603 1.176498456
41130.000000000 0.728024142 100000000000000000000.000000000 0.059040420 1.138730374
41140.000000000 0.758630865 100000000000000000000.000000000 0.060555943 1.167960722
41150.000000000 0.773441570 100000000000000000000.000000000 0.059559989 1.148751460
41160.000000000 0.763661126 100000000000000000000.000000000 0.056437295 1.088523119
41170.000000000 0.795447722 100000000000000000000.000000000 0.056801442 1.095546533
41180.000000000 0.759284021 100000000000000000000.000000000 0.056514622 1.088548501
41190.000000000 0.759203045 100000000000000000000.000000000 0.056667676 1.091496528
41200.000000000 0.747406807 100000000000000000000.000000000 0.056173628 1.081980488
41210.000000000 0.749786024 100000000000000000000.000000000 0.058240070 1.121782966
41220.000000000 0.777716833 100000000000000000000.000000000 0.058531826 1.125882150
41230.000000000 0.790882558 100000000000000000000.000000000 0.058410332 1.123545162
41240.000000000 0.811120846 100000000000000000000.000000000 0.060005780 1.154234234
41250.000000000 0.791524158 100000000000000000000.000000000 0.059979566 1.153729980
41260.000000000 0.801754623 100000000000000000000.000000000 0.057701544 1.109911359
41270.000000000 0.774439471 100000000000000000000.000000000 0.059525371 1.144993363
41280.000000000 0.790684447 100000000000000000000.000000000 0.059413700 1.142845331
41290.000000000 0.782744586 100000000000000000000.000000000 0.058648295 1.128122477
41300.000000000 0.795687774 100000000000000000000.000000000 0.058970366 1.134317632
41310.000000000 0.789829661 100000000000000000000.000000000 0.058947017 1.133868504
41320.000000000 0.743254030 0.058905859 0.058905859 1.133076813
41330.000000000 0.771045846 0.057942446 0.057942446 1.111528840
41340.000000000 0.785179516 0.059561141 0.059561141 1.142580782
41350.000000000 0.797416398 0.061947985 0.061947985 1.188368399
41360.000000000 0.773925108 0.062770965 0.062770965 1.204155887
41370.000000000 0.756587756 0.060539113 0.060539113 1.158181435
41380.000000000 0.739489279 0.059715247 0.059715247 1.142419950
41390.000000000 0.749663507 0.057826007 0.057826007 1.106276649
41400.000000000 0.726674855 0.054209584 0.054209584 1.035672654
41410.000000000 0.685457845 0.058315910 0.058315910 1.112596655
41420.000000000 0.707761524 0.061294411 0.061294411 1.169422832
41430.000000000 0.716744806 0.060198865 0.060198865 1.146942418
41440.000000000 0.781152837 0.062243918 0.062243918 1.185905922
41450.000000000 0.807852007 0.059247352 0.059247352 1.130367433
41460.000000000 0.841652499 0.056827899 0.056827899 1.084207208
41470.000000000 0.884706646 0.058021606 0.058021606 1.106981694
41480.000000000 0.917892299 0.058395699 0.058395699 1.114118933
41490.000000000 0.894482520 0.060187814 0.060187814 1.148310297
41500.000000000 0.930840593 0.062250030 0.062250030 1.187654885
41510.000000000 0.890616343 0.061106960 0.061106960 1.164243955
41520.000000000 0.892722561 0.063261871 0.063261871 1.205300524
41530.000000000 0.928844216 0.064009796 0.064009796 1.219550411
41540.000000000 0.939412818 0.058687080 0.058687080 1.118139052
41550.000000000 0.909499655 0.054678669 0.054678669 1.041768566
41560.000000000 0.912813152 0.053862685 0.053862685 1.026221968
41570.000000000 0.940078457 0.054079214 0.054079214 1.030347415
41580.000000000 0.876613910 0.052630691 0.052630691 1.002749334
41590.000000000 0.804337732 0.051741445 0.051741445 0.985806924
41600.000000000 0.807976136 0.053043478 0.053043478 1.010613986
41610.000000000 0.768232626 0.055811443 0.055811443 1.063350805
41620.000000000 0.779351662 0.056674535 0.056674535 1.081281216
41630.000000000 0.744825745 0.058613875 0.058613875 1.118281464
41640.000000000 0.755062708 0.060860570 0.060860570 1.161145674
41650.000000000 0.766515763 0.060060758 0.060060758 1.145886231
41660.000000000 0.777392157 0.057765674 0.057765674 1.102098819
41670.000000000 0.791247178 0.060982393 0.060982393 1.163469908
41680.000000000 0.771931524 0.058306514 0.058306514 1.112417395
41690.000000000 0.796408735 0.060092830 0.060092830 1.146498128
41700.000000000 0.817410814 0.061791243 0.061791243 1.178901786
41710.000000000 0.849343698 0.058292031 0.058292031 1.112141071
41720.000000000 0.833029358 0.054488200 0.054488200 1.039568603
41730.000000000 0.827465362 0.054931887 0.054931887 1.048033613
41740.000000000 0.779438405 0.053818337 0.053818337 1.026788427
41750.000000000 0.793333847 0.052479871 0.052479871 1.001252123
41760.000000000 0.792141774 0.054871111 0.054871111 1.045435079
41770.000000000 0.756660787 0.053574863 0.053574863 1.020738236
41780.000000000 0.754137297 0.055467664 0.055467664 1.056800934
41790.000000000 0.752047174 0.056977139 0.056977139 1.085560294
41800.000000000 0.746137960 0.056145191 0.056145191 1.069709566
41810.000000000 0.749141327 0.060664362 0.060664362 1.155811337
41820.000000000 0.734181901 0.061890626 0.061890626 1.179174790
41830.000000000 0.750709130 0.060996713 0.060996713 1.162143458
41840.000000000 0.735690778 0.059439233 0.059439233 1.132469484
41850.000000000 0.707486198 0.059459095 0.059459095 1.132847918
41860.000000000 0.736463687 0.056935983 0.056935983 1.084776169
41870.000000000 0.731384440 0.056930686 0.056930686 1.084675241
41880.000000000 0.726693112 0.055736207 0.055736207 1.061917370
41890.000000000 0.738022421 0.056075828 0.056075828 1.068388013
41900.000000000 0.765230903 0.058014710 0.058014710 1.103805132
41910.000000000 0.764227308 0.060913246 0.060913246 1.158953546
41920.000000000 0.750806337 0.058752319 0.058752319 1.117839111
41930.000000000 0.774465864 0.059027855 0.059027855 1.123081540
41940.000000000 0.767783965 0.056258735 0.056258735 1.070395441
41950.000000000 0.817246145 0.053353722 0.053353722 1.015123789
41960.000000000 0.784019116 0.054676281 0.054676281 1.040287190
41970.000000000 0.759030503 0.055582530 0.055582530 1.057529761
41980.000000000 0.737299212 0.055984652 0.055984652 1.065180643
41990.000000000 0.703036009 0.056935080 0.056935080 1.081766522
42000.000000000 0.718241852 0.054774633 0.054774633 1.040718031
42010.000000000 0.731995861 0.052758931 0.052758931 1.002419697
42020.000000000 0.721866599 0.056456467 0.056456467 1.072672881
42030.000000000 0.745231860 0.057308785 0.057308785 1.088866919
42040.000000000 0.770221008 0.059000489 0.059000489 1.121009293
42050.000000000 0.790325608 0.062312256 0.062312256 1.183932870
42060.000000000 0.757196020 0.063612472 0.063612472 1.208636973
42070.000000000 0.776993590 0.064318395 0.064318395 1.222049504
42080.000000000 0.792451057 0.064938722 0.064938722 1.233835709
42090.000000000 0.809529682 0.063134165 0.063134165 1.199549144
42100.000000000 0.787560333 0.067605028 0.067605028 1.284495528
42110.000000000 0.736748686 0.063319593 0.063319593 1.203072266
42120.000000000 0.751728130 0.059733271 0.059733271 1.134932145
42130.000000000 0.748917847 0.058874949 0.058874949 1.118624039
42140.000000000 0.736550952 0.057287097 0.057287097 1.088454844
42150.000000000 0.732995439 0.057696809 0.057696809 1.096239374
42160.000000000 0.742229379 0.056058844 0.056058844 1.063641773
42170.000000000 0.742164947 0.057203691 0.057203691 1.085363723
42180.000000000 0.723543299 0.054734706 0.054734706 1.038518022
42190.000000000 0.700125388 0.057200512 0.057200512 1.085303405
42200.000000000 0.727006568 0.056407927 0.056407927 1.070265155
42210.000000000 0.779188903 0.058318542 0.058318542 1.106516542
42220.000000000 0.753583787 0.060279381 0.060279381 1.143720832
42230.000000000 0.698556254 0.059234370 0.059234370 1.123893147
42240.000000000 0.735643743 0.058230898 0.058230898 1.104853604
42250.000000000 0.742442321 0.058967101 0.058967101 1.118822078
42260.000000000 0.763992576 0.061958058 0.061958058 1.175571495
42270.000000000 0.743437419 0.064942804 0.064942804 1.232203070
42280.000000000 0.704645275 0.066490681 0.066490681 1.261571964
42290.000000000 0.685847484 0.064771053 0.064771053 1.228944314
42300.000000000 0.704205794 0.063846508 0.063846508 1.211402308
42310.000000000 0.707955943 0.062179591 0.062179591 1.178135080
42320.000000000 0.682375722 0.061143719 0.061143719 1.158508109
42330.000000000 0.704042956 0.060168384 0.060168384 1.140028137
42340.000000000 0.716565078 0.057930688 0.057930688 1.097629848
42350.000000000 0.689153530 0.058032874 0.058032874 1.099566000
42360.000000000 0.698420109 0.059322675 0.059322675 1.124004237
42370.000000000 0.707242256 0.060032319 0.060032319 1.137450081
42380.000000000 0.718488537 0.061399066 0.061399066 1.161724845
42390.000000000 0.712839341 0.062654995 0.062654995 1.185488137
42400.000000000 0.746565458 0.063178303 0.063178303 1.193718888
42410.000000000 0.749891638 0.060179791 0.060179791 1.137063668
42420.000000000 0.769688289 0.061618151 0.061618151 1.164240685
42430.000000000 0.800826238 0.057738566 0.057738566 1.090938079
42440.000000000 0.809297386 0.060430053 0.060430053 1.141792235
42450.000000000 0.842185495 0.059962703 0.059962703 1.131374016
42460.000000000 0.827734687 0.057225622 0.057225622 1.079730868
42470.000000000 0.786094682 0.057162655 0.057162655 1.078542815
42480.000000000 0.796509609 0.058840342 0.058840342 1.108636999
42490.000000000 0.760954292 0.057704430 0.057704430 1.087234765
42500.000000000 0.760735731 0.059025299 0.059025299 1.112121848
42510.000000000 0.740242857 0.060955915 0.060955915 1.148497433
42520.000000000 0.736473473 0.060973547 0.060973547 1.148829645
42530.000000000 0.748175472 0.061731904 0.061731904 1.163118196
42540.000000000 0.767808172 0.059431414 0.059431414 1.119773649
42550.000000000 0.761503288 0.060628203 0.060628203 1.142322866
42560.000000000 0.727270362 0.062697532 0.062697532 1.181312015
42570.000000000 0.739154042 0.060747151 0.060747151 1.144564019
42580.000000000 0.735308713 0.057640538 0.057640538 1.086030946
42590.000000000 0.774705862 0.056072202 0.056072202 1.056481227
42600.000000000 0.761117847 0.058913108 0.058913108 1.110008015
42610.000000000 0.731969754 0.057727892 0.057727892 1.087676831
42620.000000000 0.695361227 0.056297874 0.056297874 1.060733230
42630.000000000 0.743396969 0.060272294 0.060272294 1.135617042
42640.000000000 0.796028372 0.057328940 0.057328940 1.080159988
42650.000000000 0.746342544 0.059369990 0.059369990 1.118616331
42660.000000000 0.754860332 0.061593336 0.061593336 1.160507377
42670.000000000 0.777945967 0.063072833 0.063072833 1.188383234
42680.000000000 0.718531207 0.063351378 0.063351378 1.193631417
42690.000000000 0.701941422 0.060569831 0.060569831 1.141223056
42700.000000000 0.691995294 0.061886167 0.061886167 1.166024736
42710.000000000 0.748926836 0.064313225 0.064313225 1.211754015
42720.000000000 0.739882352 0.058475627 0.058475627 1.101765226
42730.000000000 0.749564764 0.057833071 0.057833071 1.089658546
42740.000000000 0.755371746 0.064257777 0.064257777 1.212413319
42750.000000000 0.779964235 0.063762917 0.063762917 1.203076308
42760.000000000 0.790675245 0.063758552 0.063758552 1.204682373
42770.000000000 0.776792381 0.063016347 0.063016347 1.190658810
42780.000000000 0.788805029 0.062505608 0.062505608 1.181008681
42790.000000000 0.772988867 0.062826989 0.062826989 1.187080997
42800.000000000 0.792171202 0.062895006 0.062895006 1.188366137
42810.000000000 0.780105271 0.062727713 0.062727713 1.185205232
42820.000000000 0.820628927 0.063019787 0.063019787 1.190723807
42830.000000000 0.787776158 0.061782955 0.061782955 1.167354555
42840.000000000 0.817249187 0.059514092 0.059514092 1.124485656
42850.000000000 0.816580784 0.060597662 0.060597662 1.143354399
42860.000000000 0.822736426 0.060815194 0.060815194 1.145846060
42870.000000000 0.839557953 0.059767791 0.059767791 1.126111476
42880.000000000 0.824327691 0.059273396 0.059273396 1.116796355
42890.000000000 0.861133556 0.061768113 0.061768113 1.162160104
42900.000000000 0.795667690 0.065719788 0.065719788 1.236510436
42910.000000000 0.790192853 0.066884568 0.066884568 1.260201826
42920.000000000 0.772423408 0.063907916 0.063907916 1.204117398
42930.000000000 0.728511323 0.066500194 0.066500194 1.252959652
42940.000000000 0.707697040 0.066834908 0.066834908 1.259266158
42950.000000000 0.712358159 0.065350137 0.065350137 1.231290933
42960.000000000 0.711751999 0.067844169 0.067844169 1.278282090
42970.000000000 0.726376485 0.068523361 0.068523361 1.289259352
42980.000000000 0.785895805 0.071665008 0.071665008 1.348369077
42990.000000000 0.776051575 0.070595149 0.070595149 1.326362428
43000.000000000 0.793324156 0.069334117 0.069334117 1.300823337
43010.000000000 0.771463424 0.072657021 0.072657021 1.363166546
43020.000000000 0.773629138 0.070242639 0.070242639 1.317868732
43030.000000000 0.776384685 0.068536047 0.068536047 1.285850220
43040.000000000 0.813967211 0.069574221 0.069574221 1.305328090
43050.000000000 0.825630454 0.070815088 0.070815088 1.328608827
43060.000000000 0.816260049 0.067695492 0.067695492 1.271882822
43070.000000000 0.814475487 0.063779198 0.063779198 1.198302345
43080.000000000 0.805982123 0.061535768 0.061535768 1.156152119
43090.000000000 0.778771469 0.060129329 0.060129329 1.129727516
43100.000000000 0.751790738 0.059063796 0.059063796 1.109707982
43110.000000000 0.753877755 0.062745302 0.062745302 1.177206213
43120.000000000 0.751412741 0.061045359 0.061045359 1.145312459
43130.000000000 0.783942012 0.059951340 0.059951340 1.124786833
43140.000000000 0.794386227 0.062067285 0.062067285 1.164485483
43150.000000000 0.766721463 0.062283846 0.062283846 1.168548524
43160.000000000 0.811616241 0.062811128 0.062811128 1.178441216
43170.000000000 0.771273434 0.064313358 0.064313358 1.206625557
43180.000000000 0.748976735 0.067748932 0.067748932 1.272886868
43190.000000000 0.721860288 0.067505824 0.067505824 1.266521520
43200.000000000 0.734096350 0.063996793 0.063996793 1.200686265
43210.000000000 0.703194488 0.065455512 0.065455512 1.226308618
43220.000000000 0.704293070 0.064687879 0.064687879 1.211927032
43230.000000000 0.685031918 0.063724505 0.063724505 1.193878227
43240.000000000 0.693367664 0.063630021 0.063630021 1.190408689
43250.000000000 0.680644341 0.065865354 0.065865354 1.232227936
43260.000000000 0.626299499 0.064553199 0.064553199 1.207679773
43270.000000000 0.661619931 0.063881733 0.063881733 1.195117800
43280.000000000 0.646405979 0.067367574 0.067367574 1.260331911
43290.000000000 0.685071139 0.066402670 0.066402670 1.242280212
43300.000000000 0.691757823 0.065117442 0.065117442 1.216494205
43310.000000000 0.683043731 0.063751981 0.063751981 1.190985289
43320.000000000 0.704548362 0.065670570 0.065670570 1.225068604
43330.000000000 0.699164651 0.062339955 0.062339955 1.162936772
43340.000000000 0.695975281 0.061975765 0.061975765 1.156142913
43350.000000000 0.702579057 0.062967251 0.062967251 1.172949918
43360.000000000 0.683454965 0.061105408 0.061105408 1.138267625
43370.000000000 0.672173536 0.055758846 0.055758846 1.038672219
43380.000000000 0.729382902 0.055457284 0.055457284 1.031565111
43390.000000000 0.726323089 0.054683414 0.054683414 1.017170299
43400.000000000 0.733854744 0.059166731 0.059166731 1.100564821
43410.000000000 0.734831917 0.063269689 0.063269689 1.178583714
43420.000000000 0.727862483 0.066892722 0.066892722 1.246073351
43430.000000000 0.736186802 0.066204759 0.066204759 1.233258018
43440.000000000 0.726331998 0.062633990 0.062633990 1.166741958
43450.000000000 0.723484181 0.059710980 0.059710980 1.113893889
43460.000000000 0.734459443 0.058657242 0.058657242 1.094236654
43470.000000000 0.707515586 0.058385140 0.058385140 1.089160663
43480.000000000 0.724852473 0.062866055 0.062866055 1.172751047
43490.000000000 0.754149668 0.064210273 0.064210273 1.197827120
43500.000000000 0.802664688 0.060100548 0.060100548 1.119549169
43510.000000000 0.806478236 0.061404498 0.061404498 1.143839057
43520.000000000 0.826158013 0.065693344 0.065693344 1.223731403
43530.000000000 0.840471323 0.062676293 0.062676293 1.167529969
43540.000000000 0.853459475 0.064282719 0.064282719 1.197454380
43550.000000000 0.820194297 0.067735847 0.067735847 1.261779027
43560.000000000 0.815359843 0.069124113 0.069124113 1.287639561
43570.000000000 0.796675242 0.071288058 0.071288058 1.327949391
43580.000000000 0.818991896 0.070204490 0.070204490 1.307764751
43590.000000000 0.777737249 0.072810297 0.072810297 1.356305545
43600.000000000 0.815801403 0.069546207 0.069546207 1.295502285
43610.000000000 0.818120647 0.068444306 0.068444306 1.274976153
43620.000000000 0.813880707 0.067288578 0.067288578 1.253447334
43630.000000000 0.826305737 0.065850879 0.065850879 1.226665957
43640.000000000 0.864817267 0.066169530 0.066169530 1.232601771
43650.000000000 0.865812815 0.068644604 0.068644604 1.278707290
43660.000000000 0.843265813 0.067898412 0.067898412 1.264807279
43670.000000000 0.851230212 0.067571940 0.067571940 1.256910739
43680.000000000 0.863452117 0.070506659 0.070506659 1.311499660
43690.000000000 0.880914213 0.070128527 0.070128527 1.304466006
43700.000000000 0.858654745 0.070139643 0.070139643 1.304672784
43710.000000000 0.837775916 0.071513435 0.071513435 1.330226789
43720.000000000 0.870551084 0.069246873 0.069246873 1.288066287
43730.000000000 0.895429925 0.070404159 0.070404159 1.309593065
43740.000000000 0.901193289 0.070595900 0.070595900 1.313159650
43750.000000000 0.882170219 0.069258189 0.069258189 1.288276785
43760.000000000 0.879102267 0.070704459 0.070704459 1.315178970
43770.000000000 0.878934174 0.075151895 0.075151895 1.397906054
43780.000000000 0.865506108 0.072993132 0.072993132 1.357750736
43790.000000000 0.830896446 0.074025440 0.074025440 1.376952784
43800.000000000 0.805792930 0.074765850 0.074765850 1.390725207
43810.000000000 0.776132844 0.074694507 0.074694507 1.389398146
43820.000000000 0.768005160 0.073671280 0.073671280 1.370365027
43830.000000000 0.770596850 0.069723187 0.069723187 1.296926242
43840.000000000 0.803361143 0.071415056 0.071415056 1.326475790
43850.000000000 0.782803850 0.070635659 0.070635659 1.311999128
43860.000000000 0.833739751 0.073187868 0.073187868 1.357432725
43870.000000000 0.817044893 0.073427625 0.073427625 1.361879560
43880.000000000 0.785573419 0.067925487 0.067925487 1.259830101
43890.000000000 0.766163449 0.068164780 0.068164780 1.264268329
43900.000000000 0.749114157 0.066843550 0.066843550 1.239763155
43910.000000000 0.772486891 0.067507646 0.067507646 1.252080309
43920.000000000 0.735665513 0.068072472 0.068072472 1.262556263
43930.000000000 0.730900429 0.067919815 0.067919815 1.259724913
43940.000000000 0.725200681 0.066816596 0.066816596 1.239263249
43950.000000000 0.668665037 0.066909296 0.066909296 1.240982576
43960.000000000 0.663259417 0.066383151 0.066383151 1.231224043
43970.000000000 0.668478839 0.065234127 0.065234127 1.209912817
43980.000000000 0.699671615 0.065165838 0.065165838 1.208646238
43990.000000000 0.688706800 0.060909358 0.060909358 1.129700297
44000.000000000 0.679919164 0.060922921 0.060922921 1.131593039
44010.000000000 0.660437461 0.062452370 0.062452370 1.160001282
44020.000000000 0.709805293 0.065515050 0.065515050 1.216888040
44030.000000000 0.704301438 0.067890966 0.067890966 1.261018724
44040.000000000 0.699441726 0.071686728 0.071686728 1.331521875
44050.000000000 0.708130965 0.074360538 0.074360538 1.381185685
44060.000000000 0.724358608 0.071509107 0.071509107 1.326296356
44070.000000000 0.733616927 0.068772491 0.068772491 1.275539681
44080.000000000 0.758851197 0.069569346 0.069569346 1.290319156
44090.000000000 0.778764515 0.069414616 0.069414616 1.287449338
44100.000000000 0.791728941 0.066688093 0.066688093 1.235080763
44110.000000000 0.789082356 0.067474117 0.067474117 1.251458448
44120.000000000 0.768925882 0.067545391 0.067545391 1.252780378
44130.000000000 0.760235673 0.066345066 0.066345066 1.230517669
44140.000000000 0.731784261 0.066271952 0.066271952 1.227373732
44150.000000000 0.657426649 0.069440685 0.069440685 1.286059492
44160.000000000 0.627438150 0.068653434 0.068653434 1.271479398
44170.000000000 0.683434070 0.066514559 0.066514559 1.231866863
44180.000000000 0.671943803 0.065007235 0.065007235 1.203950841
44190.000000000 0.700670215 0.063579991 0.063579991 1.177517905
44200.000000000 0.718247142 0.067615737 0.067615737 1.252260975
44210.000000000 0.745587789 0.066789189 0.066789189 1.236953090
44220.000000000 0.749146496 0.067155560 0.067155560 1.241924015
44230.000000000 0.747534308 0.069347647 0.069347647 1.282462820
44240.000000000 0.786302738 0.072827258 0.072827258 1.346812107
44250.000000000 0.780048154 0.076407598 0.076407598 1.413024192
44260.000000000 0.820774618 0.076658564 0.076658564 1.417665371
44270.000000000 0.801470513 0.073292989 0.073292989 1.355424984
44280.000000000 0.786704233 0.072170026 0.072170026 1.334657752
44290.000000000 0.757877619 0.071829602 0.071829602 1.330302854
44300.000000000 0.755909493 0.070156402 0.070156402 1.299314756
44310.000000000 0.726629205 0.067684900 0.067684900 1.253541886
44320.000000000 0.686540081 0.068222548 0.068222548 1.263499278
44330.000000000 0.668123585 0.067145161 0.067145161 1.243545790
44340.000000000 0.685189515 0.067007231 0.067007231 1.240991292
44350.000000000 0.677656590 0.068947571 0.068947571 1.275064119
44360.000000000 0.712744221 0.062818919 0.062818919 1.161725466
44370.000000000 0.703940940 0.062992970 0.062992970 1.164944232
44380.000000000 0.711443866 0.066409525 0.066409525 1.228127416
44390.000000000 0.714868079 0.066931690 0.066931690 1.237783934
44400.000000000 0.737977248 0.070287175 0.070287175 1.297936006
44410.000000000 0.765806341 0.067425883 0.067425883 1.245098844
44420.000000000 0.783372222 0.064911639 0.064911639 1.198670363
44430.000000000 0.790037575 0.067818237 0.067818237 1.252344128
44440.000000000 0.784466139 0.063472073 0.063472073 1.172087059
44450.000000000 0.796151740 0.062749654 0.062749654 1.158746743
44460.000000000 0.797604413 0.062902296 0.062902296 1.159861026
44470.000000000 0.793019387 0.062964394 0.062964394 1.159297435
44480.000000000 0.795055975 0.060721362 0.060721362 1.117998850
44490.000000000 0.848194766 0.059855187 0.059855187 1.102050868
44500.000000000 0.852646930 0.064604588 0.064604588 1.189496620
44510.000000000 0.818826093 0.066385173 0.066385173 1.222280669
44520.000000000 0.774403740 0.069222473 0.069222473 1.274520886
44530.000000000 0.801527256 0.067627960 0.067627960 1.245162803
44540.000000000 0.778379200 0.066577970 0.066577970 1.225830422
44550.000000000 0.763494828 0.067880367 0.067880367 1.249810107
44560.000000000 0.737984868 0.070625877 0.070625877 1.300360304
44570.000000000 0.750196929 0.072463208 0.072463208 1.334189162
44580.000000000 0.780973450 0.072580985 0.072580985 1.338327241
44590.000000000 0.769232392 0.073109233 0.073109233 1.348067644
44600.000000000 0.746133514 0.071040586 0.071040586 1.309923676
44610.000000000 0.734299075 0.068865615 0.068865615 1.269819190
44620.000000000 0.713186017 0.071119689 0.071119689 1.311382264
44630.000000000 0.636660462 0.065879735 0.065879735 1.212974554
44640.000000000 0.706552242 0.066668802 0.066668802 1.225691018
44650.000000000 0.686530833 0.071909028 0.071909028 1.322031401
44660.000000000 0.731610139 0.074774033 0.074774033 1.372668771
44670.000000000 0.731366385 0.072898367 0.072898367 1.338236130
44680.000000000 0.728764950 0.075055563 0.075055563 1.377836990
44690.000000000 0.682058209 0.075404291 0.075404291 1.384238780
44700.000000000 0.697211549 0.074956476 0.074956476 1.376017989
44710.000000000 0.712001259 0.077159145 0.077159145 1.416453607
44720.000000000 0.716379581 0.074753600 0.074753600 1.372293680
44730.000000000 0.703206188 0.075475909 0.075475909 1.385553511
44740.000000000 0.730489857 0.073974063 0.073974063 1.355966969
44750.000000000 0.741247895 0.077047503 0.077047503 1.412304054
44760.000000000 0.746914733 0.079055073 0.079055073 1.449103416
44770.000000000 0.748976516 0.077330648 0.077330648 1.417494183
44780.000000000 0.745656019 0.077532328 0.077532328 1.421191054
44790.000000000 0.755403145 0.079282388 0.079282388 1.453270169
44800.000000000 0.762767953 0.074310215 0.074310215 1.362128737
44810.000000000 0.784875921 0.073418094 0.073418094 1.345775894
44820.000000000 0.755374543 0.074176236 0.074176236 1.359672870
44830.000000000 0.727604167 0.068848387 0.068848387 1.260132384
44840.000000000 0.757117833 0.069998870 0.069998870 1.281189687
44850.000000000 0.753463481 0.070444074 0.070444074 1.289338262
44860.000000000 0.741375599 0.070212519 0.070212519 1.285100103
44870.000000000 0.727133125 0.070976415 0.070976415 1.299081689
44880.000000000 0.733468353 0.069045294 0.069045294 1.263736383
44890.000000000 0.754299976 0.068131865 0.068131865 1.247017883
44900.000000000 0.762636084 0.067077141 0.067077141 1.227713265
44910.000000000 0.736899180 0.064476021 0.064476021 1.180104956
44920.000000000 0.796349166 0.068727299 0.068727299 1.257916104
44930.000000000 0.796899035 100000000000000000000.000000000 0.066880159 1.222279510
44940.000000000 0.795549057 100000000000000000000.000000000 0.066036543 1.206861862
44950.000000000 0.801463645 100000000000000000000.000000000 0.062301037 1.138593007
44960.000000000 0.802734267 100000000000000000000.000000000 0.065352182 1.192565408
44970.000000000 0.820304169 100000000000000000000.000000000 0.065589554 1.195098542
44980.000000000 0.809532996 100000000000000000000.000000000 0.065607875 1.193630675
44990.000000000 0.839060604 100000000000000000000.000000000 0.068799253 1.251692698
45000.000000000 0.828207098 100000000000000000000.000000000 0.067860495 1.232747107
45010.000000000 0.809777237 100000000000000000000.000000000 0.067815424 1.231928347
45020.000000000 0.802348584 100000000000000000000.000000000 0.069682823 1.265851350
45030.000000000 0.737686961 100000000000000000000.000000000 0.074333950 1.350343252
45040.000000000 0.736971911 100000000000000000000.000000000 0.078166752 1.419969566
45050.000000000 0.704557756 100000000000000000000.000000000 0.079191884 1.438592009
45060.000000000 0.708113351 100000000000000000000.000000000 0.080084836 1.454813299
45070.000000000 0.663562293 100000000000000000000.000000000 0.073614336 1.337270829
45080.000000000 0.675749819 100000000000000000000.000000000 0.072907535 1.324431140
45090.000000000 0.712615107 100000000000000000000.000000000 0.074431176 1.352109467
45100.000000000 0.727403977 100000000000000000000.000000000 0.074027292 1.344772541
45110.000000000 0.715242289 100000000000000000000.000000000 0.072493357 1.316907231
45120.000000000 0.766876499 100000000000000000000.000000000 0.074016138 1.346605605
45130.000000000 0.779961158 100000000000000000000.000000000 0.070803000 1.288147681
45140.000000000 0.786579887 100000000000000000000.000000000 0.075982902 1.382387742
45150.000000000 0.786644153 100000000000000000000.000000000 0.072849737 1.323381185
45160.000000000 0.760587335 100000000000000000000.000000000 0.068888388 1.253314377
45170.000000000 0.788195319 100000000000000000000.000000000 0.069624689 1.266710192
45180.000000000 0.830101469 100000000000000000000.000000000 0.069081070 1.258716991
45190.000000000 0.837738765 100000000000000000000.000000000 0.069570394 1.265722383
45200.000000000 0.896900601 100000000000000000000.000000000 0.071516502 1.301128707
45210.000000000 0.910157555 100000000000000000000.000000000 0.072457396 1.316253969
45220.000000000 0.898134293 100000000000000000000.000000000 0.070627760 1.283016974
45230.000000000 0.901889921 100000000000000000000.000000000 0.064958249 1.180025193
45240.000000000 0.971073361 100000000000000000000.000000000 0.069188182 1.256865737
45250.000000000 1.058620316 100000000000000000000.000000000 0.070435303 1.279520828
45260.000000000 1.104373518 100000000000000000000.000000000 0.078450172 1.422957236
45270.000000000 1.094081751 100000000000000000000.000000000 0.077566230 1.406923976
45280.000000000 1.163171596 100000000000000000000.000000000 0.074989098 1.358110328
45290.000000000 1.213740992 100000000000000000000.000000000 0.078062806 1.413777540
45300.000000000 1.208428284 100000000000000000000.000000000 0.081259306 1.473910306
45310.000000000 1.270555024 100000000000000000000.000000000 0.082439824 1.495322971
45320.000000000 1.322040991 100000000000000000000.000000000 0.089625716 1.625663244
45330.000000000 1.520010543 100000000000000000000.000000000 0.102145701 1.852755209
45340.000000000 1.661001307 100000000000000000000.000000000 0.111974588 2.031035073
45350.000000000 1.829667139 100000000000000000000.000000000 0.121630267 2.202817832
45360.000000000 2.153863601 100000000000000000000.000000000 0.141371615 2.560348843
45370.000000000 2.539390106 100000000000000000000.000000000 0.153373535 2.777712862
45380.000000000 2.987475973 100000000000000000000.000000000 0.175770010 3.183330268
45390.000000000 3.536050950 100000000000000000000.000000000 0.194747997 3.527036243
45400.000000000 4.260767401 100000000000000000000.000000000 0.211697093 3.833997414
45410.000000000 5.201649286 100000000000000000000.000000000 0.238618779 4.321569896
45420.000000000 6.037781923 100000000000000000000.000000000 0.263192205 4.766613570
45430.000000000 6.988383021 100000000000000000000.000000000 0.297311485 5.384540012
45440.000000000 7.907210928 100000000000000000000.000000000 0.328434235 5.948196985
45450.000000000 8.979998431 100000000000000000000.000000000 0.384594830 6.965308607
45460.000000000 10.325149272 100000000000000000000.000000000 0.423771684 7.674831612
45470.000000000 11.452274616 100000000000000000000.000000000 0.478050859 8.657869294
45480.000000000 12.673540833 100000000000000000000.000000000 0.518011068 9.381579451
45490.000000000 13.582822675 100000000000000000000.000000000 0.558026564 10.106290904
45500.000000000 14.617316220 100000000000000000000.000000000 0.593068584 10.740928876
45510.000000000 15.392403602 100000000000000000000.000000000 0.628238196 11.377877652
45520.000000000 16.078502952 100000000000000000000.000000000 0.653030858 11.826891854
45530.000000000 16.559021824 100000000000000000000.000000000 0.658086175 11.918447538
45540.000000000 16.812298301 100000000000000000000.000000000 0.667105691 12.081797915
45550.000000000 16.792491875 100000000000000000000.000000000 0.659206169 11.938731487
45560.000000000 16.162021439 100000000000000000000.000000000 0.631299949 11.433328355
45570.000000000 15.624092447 100000000000000000000.000000000 0.608505314 11.020499947
45580.000000000 14.714441474 100000000000000000000.000000000 0.582176946 10.527587989
45590.000000000 13.454857852 100000000000000000000.000000000 0.550842837 9.960968875
45600.000000000 12.322644809 100000000000000000000.000000000 0.505817548 9.146770204
45610.000000000 11.070900100 100000000000000000000.000000000 0.456880779 8.261839701
45620.000000000 9.799443923 100000000000000000000.000000000 0.421318883 7.618768904
45630.000000000 8.632690277 100000000000000000000.000000000 0.386910481 6.996556903
45640.000000000 7.625455354 100000000000000000000.000000000 0.341562940 6.176530910
45650.000000000 6.769415042 100000000000000000000.000000000 0.316955265 5.731546844
45660.000000000 6.031038006 100000000000000000000.000000000 0.282327255 5.105363652
45670.000000000 5.228254410 100000000000000000000.000000000 0.238237578 4.308083792
45680.000000000 4.543892604 100000000000000000000.000000000 0.206640299 3.736705738
45690.000000000 3.960523168 100000000000000000000.000000000 0.189950126 3.434894976
45700.000000000 3.605213719 100000000000000000000.000000000 0.170003072 3.074189585
45710.000000000 3.169542093 100000000000000000000.000000000 0.151244008 2.734966771
45720.000000000 2.687836431 100000000000000000000.000000000 0.125133865 2.262813367
45730.000000000 2.418832653 100000000000000000000.000000000 0.113714853 2.056321759
45740.000000000 2.184825384 100000000000000000000.000000000 0.100237794 1.812614199
45750.000000000 2.003007126 100000000000000000000.000000000 0.094548299 1.709730260
45760.000000000 1.824437445 100000000000000000000.000000000 0.089081196 1.610867865
45770.000000000 1.589136461 100000000000000000000.000000000 0.086831762 1.570191020
45780.000000000 1.423502224 100000000000000000000.000000000 0.081247043 1.466953559
45790.000000000 1.290439595 100000000000000000000.000000000 0.075969626 1.371667302
45800.000000000 1.245154975 100000000000000000000.000000000 0.071129650 1.284279275
45810.000000000 1.134381878 100000000000000000000.000000000 0.069489592 1.254667246
45820.000000000 1.092312860 100000000000000000000.000000000 0.066439662 1.199599338
45830.000000000 0.983803180 100000000000000000000.000000000 0.069650765 1.257577301
45840.000000000 0.941755821 100000000000000000000.000000000 0.068601773 1.238637268
45850.000000000 0.901754115 100000000000000000000.000000000 0.072915766 1.316528436
45860.000000000 0.881358016 100000000000000000000.000000000 0.073287517 1.323240573
45870.000000000 0.851151482 100000000000000000000.000000000 0.074650717 1.347853788
45880.000000000 0.819748599 100000000000000000000.000000000 0.076193117 1.375702542
45890.000000000 0.802555777 100000000000000000000.000000000 0.076455217 1.380434882
45900.000000000 0.781792125 100000000000000000000.000000000 0.079025904 1.426849842
45910.000000000 0.813405372 100000000000000000000.000000000 0.077457568 1.398532793
45920.000000000 0.813282131 100000000000000000000.000000000 0.077323760 1.396116833
45930.000000000 0.816382876 100000000000000000000.000000000 0.076062478 1.373343790
45940.000000000 0.809514283 100000000000000000000.000000000 0.075225595 1.356148695
45950.000000000 0.863324371 100000000000000000000.000000000 0.078487600 1.414955336
45960.000000000 0.870551245 100000000000000000000.000000000 0.083741624 1.509673602
45970.000000000 0.912139947 100000000000000000000.000000000 0.083350761 1.500313699
45980.000000000 0.880591567 100000000000000000000.000000000 0.085823069 1.544815249
45990.000000000 0.940115309 100000000000000000000.000000000 0.086666697 1.560000546
46000.000000000 0.945384055 100000000000000000000.000000000 0.081404575 1.465282352
46010.000000000 0.946233780 100000000000000000000.000000000 0.078984003 1.419516359
46020.000000000 0.948233089 100000000000000000000.000000000 0.076147873 1.368544862
46030.000000000 0.896426175 100000000000000000000.000000000 0.073936796 1.328806942
46040.000000000 0.788154129 100000000000000000000.000000000 0.077335741 1.389893468
46050.000000000 0.800008649 100000000000000000000.000000000 0.078061460 1.402936231
46060.000000000 0.763084487 100000000000000000000.000000000 0.081958048 1.470684595
46070.000000000 0.761132531 100000000000000000000.000000000 0.085164751 1.528226815
46080.000000000 0.764279525 100000000000000000000.000000000 0.087732191 1.571851426
46090.000000000 0.754407471 100000000000000000000.000000000 0.085578822 1.533270650
46100.000000000 0.790249063 100000000000000000000.000000000 0.079964985 1.432690476
46110.000000000 0.768577344 100000000000000000000.000000000 0.077219665 1.383504033
46120.000000000 0.832165623 100000000000000000000.000000000 0.078690430 1.409854948
46130.000000000 0.829606037 100000000000000000000.000000000 0.077057860 1.380605054
46140.000000000 0.770335307 100000000000000000000.000000000 0.077434943 1.387361055
46150.000000000 0.756023040 100000000000000000000.000000000 0.075180040 1.346961143
46160.000000000 0.800724226 0.075504192 0.075504192 1.350660047
46170.000000000 0.731645300 0.076080611 0.076080611 1.360971347
46180.000000000 0.740198074 0.075806124 0.075806124 1.353940664
46190.000000000 0.779942163 0.079025067 0.079025067 1.411432836
46200.000000000 0.832674984 0.074463365 0.074463365 1.329958217
46210.000000000 0.818560062 0.075207900 0.075207900 1.343256040
46220.000000000 0.885681636 0.074005454 0.074005454 1.321779681
46230.000000000 0.849382538 0.075355917 0.075355917 1.345899706
46240.000000000 0.879877360 0.076893213 0.076893213 1.373356701
46250.000000000 0.901715038 0.078850137 0.078850137 1.408308480
46260.000000000 0.844491226 0.080642584 0.080642584 1.440322600
46270.000000000 0.888561002 0.080698464 0.080698464 1.441320655
46280.000000000 0.907294536 0.083558287 0.083558287 1.492398725
46290.000000000 0.983988400 0.082321634 0.082321634 1.468005030
46300.000000000 0.978511246 0.080404375 0.080404375 1.433815394
46310.000000000 1.007768672 0.078763206 0.078763206 1.404549169
46320.000000000 0.971619768 0.074712732 0.074712732 1.332318859
46330.000000000 0.965276685 0.075936634 0.075936634 1.354144158
46340.000000000 0.992003452 0.074867319 0.074867319 1.332974715
46350.000000000 0.987900346 0.086161306 0.086161306 1.534058436
46360.000000000 0.995381938 0.085025825 0.085025825 1.513841782
46370.000000000 0.956580351 0.084411134 0.084411134 1.502897511
46380.000000000 0.942656238 0.089498575 0.089498575 1.593476832
46390.000000000 0.926029174 0.088156106 0.088156106 1.569574841
46400.000000000 0.936085746 0.085602731 0.085602731 1.524113290
46410.000000000 0.998934462 0.089214479 0.089214479 1.588418648
46420.000000000 0.967037461 0.091183966 0.091183966 1.623484358
46430.000000000 0.985251758 0.091593224 0.091593224 1.630770982
46440.000000000 0.959266194 0.096934659 0.096934659 1.725872534
46450.000000000 1.001997569 0.099625363 0.099625363 1.773779155
46460.000000000 1.025452574 0.105293452 0.105293452 1.874696607
46470.000000000 1.024746620 0.103933782 0.103933782 1.850488377
46480.000000000 1.002871125 0.101009254 0.101009254 1.798418647
46490.000000000 0.980960109 0.093287746 0.093287746 1.660941091
46500.000000000 1.015822006 0.096492595 0.096492595 1.718001807
46510.000000000 0.997239479 0.093142964 0.093142964 1.658363321
46520.000000000 1.024035887 0.091395311 0.091395311 1.627247251
46530.000000000 1.038856179 0.092470136 0.092470136 1.646383965
46540.000000000 0.986215901 0.094273513 0.094273513 1.678492187
46550.000000000 1.014858580 0.093119897 0.093119897 1.657952623
46560.000000000 0.979772144 0.092591851 0.092591851 1.648551030
46570.000000000 1.122913385 0.090592185 0.090592185 1.610401910
46580.000000000 1.123611189 0.090943508 0.090943508 1.616647167
46590.000000000 1.246005742 0.094074833 0.094074833 1.672310811
46600.000000000 1.266688513 0.096735893 0.096735893 1.719614854
46610.000000000 1.274912397 0.097647215 0.097647215 1.735814856
46620.000000000 1.289653176 0.095718100 0.095718100 1.701522166
46630.000000000 1.305935915 0.094283688 0.094283688 1.676023501
46640.000000000 1.320434865 0.096260927 0.096260927 1.711171659
46650.000000000 1.330014497 0.091622126 0.091622126 1.628710546
46660.000000000 1.353168203 0.093685429 0.093685429 1.665388616
46670.000000000 1.336605691 0.091692286 0.091692286 1.629957729
46680.000000000 1.324279813 0.090496049 0.090496049 1.608692961
46690.000000000 1.293163157 0.089262815 0.089262815 1.586770505
46700.000000000 1.304926087 0.090448511 0.090448511 1.607847899
46710.000000000 1.230654777 0.088041868 0.088041868 1.565066475
46720.000000000 1.244962420 0.086902020 0.086902020 1.544804102
46730.000000000 1.210321093 0.087043447 0.087043447 1.544867933
46740.000000000 1.208778056 0.083556352 0.083556352 1.480622333
46750.000000000 1.201283745 0.085232324 0.085232324 1.507913740
46760.000000000 1.202436655 0.085581025 0.085581025 1.514082886
46770.000000000 1.144936118 0.087126085 0.087126085 1.538953490
46780.000000000 1.119491999 0.088601130 0.088601130 1.565007978
46790.000000000 1.150805157 0.086847854 0.086847854 1.531578581
46800.000000000 1.088698893 0.095064190 0.095064190 1.676475258
46810.000000000 1.041550911 0.089715489 0.089715489 1.582149876
46820.000000000 1.028453486 0.084302914 0.084302914 1.486698078
46830.000000000 0.959381070 0.081669056 0.081669056 1.440249482
46840.000000000 0.971171918 0.081683575 0.081683575 1.438187740
46850.000000000 0.961369439 0.079715645 0.079715645 1.403538756
46860.000000000 0.941444435 0.082166559 0.082166559 1.446691550
46870.000000000 0.977943439 0.078665956 0.078665956 1.385057077
46880.000000000 0.961341753 0.076994087 0.076994087 1.355620781
46890.000000000 0.949277821 0.079177916 0.079177916 1.394071074
46900.000000000 1.015621321 0.080307669 0.080307669 1.413962420
46910.000000000 1.038911420 0.083471194 0.083471194 1.469662027
46920.000000000 1.017430343 0.082264832 0.082264832 1.448421838
46930.000000000 0.964703031 0.079964643 0.079964643 1.407922817
46940.000000000 0.958038685 0.085641390 0.085641390 1.507872265
46950.000000000 0.968477044 0.088564687 0.088564687 1.559342223
46960.000000000 0.914747982 0.090906683 0.090906683 1.600577325
46970.000000000 0.932643394 0.089035978 0.089035978 1.567640151
46980.000000000 0.921876462 0.087629143 0.087629143 1.542870268
46990.000000000 0.901704464 0.085816601 0.085816601 1.510957182
47000.000000000 0.898347609 0.080875048 0.080875048 1.423952156
47010.000000000 0.949792151 0.084044728 0.084044728 1.479760135
47020.000000000 0.965494753 0.085295621 0.085295621 1.501784376
47030.000000000 0.986455565 0.085733355 0.085733355 1.509491474
47040.000000000 0.987304855 0.084379948 0.084379948 1.485662288
47050.000000000 1.000993158 0.085024792 0.085024792 1.497015933
47060.000000000 0.999811149 0.085415651 0.085415651 1.503897717
47070.000000000 0.944921646 0.084657314 0.084657314 1.490545817
47080.000000000 0.933498941 0.080319055 0.080319055 1.414162895
47090.000000000 0.876035361 0.080496825 0.080496825 1.417292858
47100.000000000 0.933387745 0.078482018 0.078482018 1.381818516
47110.000000000 0.899174143 0.074315728 0.074315728 1.308463409
47120.000000000 0.939355262 0.076215789 0.076215789 1.344080072
47130.000000000 0.945141472 0.077190165 0.077190165 1.359073095
47140.000000000 0.924793663 0.074693604 0.074693604 1.315116607
47150.000000000 0.970533244 0.076931029 0.076931029 1.354510533
47160.000000000 1.000257298 0.075813779 0.075813779 1.334839319
47170.000000000 0.977744323 0.076907913 0.076907913 1.351917743
47180.000000000 0.961604634 0.081818887 0.081818887 1.438244776
47190.000000000 0.950580303 0.084584629 0.084584629 1.484454217
47200.000000000 0.930011923 0.083618136 0.083618136 1.467492339
47210.000000000 0.864058829 0.085801543 0.085801543 1.503364477
47220.000000000 0.862791280 0.083393459 0.083393459 1.458789735
47230.000000000 0.835682766 0.086667078 0.086667078 1.516054686
47240.000000000 0.823327105 0.083825453 0.083825453 1.466346554
47250.000000000 0.769819006 0.081691931 0.081691931 1.429025153
47260.000000000 0.737503380 0.081087294 0.081087294 1.418448324
47270.000000000 0.704909556 0.083957671 0.083957671 1.466257688
47280.000000000 0.693877710 0.086185077 0.086185077 1.505157658
47290.000000000 0.779562391 0.092774046 0.092774046 1.620229065
47300.000000000 0.800923161 0.092804904 0.092804904 1.620767973
47310.000000000 0.769250368 0.092771943 0.092771943 1.622846208
47320.000000000 0.748918342 0.089591087 0.089591087 1.567203950
47330.000000000 0.747003631 0.084610231 0.084610231 1.480074555
47340.000000000 0.719278135 0.086368034 0.086368034 1.510823554
47350.000000000 0.719014379 0.084336936 0.084336936 1.472881262
47360.000000000 0.755821096 0.079093647 0.079093647 1.381311166
47370.000000000 0.726604191 0.076233012 0.076233012 1.331352315
47380.000000000 0.766656222 0.073321621 0.073321621 1.278406148
47390.000000000 0.747948932 0.073053194 0.073053194 1.269529155
47400.000000000 0.806618153 0.075865772 0.075865772 1.320587549
47410.000000000 0.831648117 0.078087958 0.078087958 1.361510063
47420.000000000 0.846563802 0.083908157 0.083908157 1.462988715
47430.000000000 0.819099756 0.086084057 0.086084057 1.500926817
47440.000000000 0.839285346 0.089479630 0.089479630 1.560130662
47450.000000000 0.827294376 0.085563185 0.085563185 1.491845100
47460.000000000 0.822267407 0.080416447 0.080416447 1.399800660
47470.000000000 0.839129193 0.081317231 0.081317231 1.415480516
47480.000000000 0.897546488 0.083591350 0.083591350 1.455065868
47490.000000000 0.911700474 0.084506921 0.084506921 1.468573720
47500.000000000 0.860645686 0.090929170 0.090929170 1.580180499
47510.000000000 0.939582365 0.090395578 0.090395578 1.570907659
47520.000000000 0.961024208 0.091917562 0.091917562 1.597356929
47530.000000000 0.993410457 0.091896626 0.091896626 1.596993091
47540.000000000 0.973450556 0.090162022 0.090162022 1.564252613
47550.000000000 0.984754247 0.090691000 0.090691000 1.573430046
47560.000000000 1.005124427 0.088934852 0.088934852 1.542962013
47570.000000000 1.012920990 0.091801957 0.091801957 1.592704423
47580.000000000 1.051503774 0.089988212 0.089988212 1.561237129
47590.000000000 1.002245461 0.084777764 0.084777764 1.470839233
47600.000000000 0.964481697 0.091453771 0.091453771 1.586663619
47610.000000000 0.954674871 0.088145383 0.088145383 1.529265246
47620.000000000 0.926894863 0.087437624 0.087437624 1.511937854
47630.000000000 0.882152828 0.082353177 0.082353177 1.421636259
47640.000000000 0.799544819 0.084685810 0.084685810 1.461903750
47650.000000000 0.786595928 0.087872456 0.087872456 1.516913788
47660.000000000 0.777391781 0.087219988 0.087219988 1.505650435
47670.000000000 0.758325278 0.088023865 0.088023865 1.516975825
47680.000000000 0.746244318 0.095959510 0.095959510 1.653736249
47690.000000000 0.796455378 0.092630157 0.092630157 1.596359225
47700.000000000 0.823286129 0.088788043 0.088788043 1.530145434
47710.000000000 0.809726561 0.086627321 0.086627321 1.492908224
47720.000000000 0.858872472 0.086094716 0.086094716 1.483729475
47730.000000000 0.824975115 0.089083218 0.089083218 1.535232383
47740.000000000 0.816434727 0.094546908 0.094546908 1.629391915
47750.000000000 0.839235269 0.093426803 0.093426803 1.612796677
47760.000000000 0.784385829 0.091890920 0.091890920 1.586283227
47770.000000000 0.787729743 0.093498344 0.093498344 1.614031661
47780.000000000 0.768158128 0.091647324 0.091647324 1.582078109
47790.000000000 0.827841075 0.089247888 0.089247888 1.540657417
47800.000000000 0.836818272 0.090038203 0.090038203 1.554300369
47810.000000000 0.877143836 0.089320261 0.089320261 1.539317511
47820.000000000 0.881934732 0.091712618 0.091712618 1.580546644
47830.000000000 0.884431632 0.093015381 0.093015381 1.602998043
47840.000000000 0.937474263 0.087313815 0.087313815 1.504739040
47850.000000000 0.896442792 0.090532741 0.090532741 1.560213004
47860.000000000 0.859800191 0.092594341 0.092594341 1.593053284
47870.000000000 0.813763788 0.101015301 0.101015301 1.737932951
47880.000000000 0.922836677 0.101615894 0.101615894 1.748265945
47890.000000000 0.892841060 0.097862217 0.097862217 1.683685241
47900.000000000 0.849846926 0.095297738 0.095297738 1.639564278
47910.000000000 0.915980675 0.099052220 0.099052220 1.704158826
47920.000000000 0.912755391 0.100144932 0.100144932 1.722958551
47930.000000000 0.892468993 0.104219216 0.104219216 1.793055191
47940.000000000 0.824599071 0.103710792 0.103710792 1.784307929
47950.000000000 0.754693136 0.098616732 0.098616732 1.696666410
47960.000000000 0.726771277 0.094373021 0.094373021 1.623654854
47970.000000000 0.773475391 0.097610717 0.097610717 1.679358274
47980.000000000 0.781274388 0.099570961 0.099570961 1.713083590
47990.000000000 0.796283327 0.094409962 0.094409962 1.624290404
48000.000000000 0.754614629 0.098166365 0.098166365 1.688918004
48010.000000000 0.748620160 0.095689525 0.095689525 1.643521568
48020.000000000 0.780929299 0.091281501 0.091281501 1.567811267
48030.000000000 0.765209767 0.092515639 0.092515639 1.589008287
48040.000000000 0.772731261 0.092792274 0.092792274 1.593759644
48050.000000000 0.796681821 0.088720254 0.088720254 1.523820405
48060.000000000 0.847640818 0.088842675 0.088842675 1.525923062
48070.000000000 0.848815301 0.088234531 0.088234531 1.515477833
48080.000000000 0.809951131 0.089875050 0.089875050 1.543654682
48090.000000000 0.748689783 0.090334779 0.090334779 1.551550780
48100.000000000 0.768460806 0.092121532 0.092121532 1.579555232
48110.000000000 0.785847180 0.091335871 0.091335871 1.566083960
48120.000000000 0.773327616 0.091541166 0.091541166 1.566932365
48130.000000000 0.766372484 0.095525557 0.095525557 1.635134144
48140.000000000 0.803556823 0.093550485 0.093550485 1.601326362
48150.000000000 0.847464866 0.087361977 0.087361977 1.492842122
48160.000000000 0.856993438 0.081161533 0.081161533 1.384512037
48170.000000000 0.781549374 0.075092704 0.075092704 1.278782669
48180.000000000 0.785262094 0.087038596 0.087038596 1.482213876
48190.000000000 0.777942580 0.085371291 0.085371291 1.451311953
48200.000000000 0.764833601 0.080106781 0.080106781 1.359457161
48210.000000000 0.775195739 0.087920482 0.087920482 1.484268562
48220.000000000 0.810795659 0.086454572 0.086454572 1.459521163
48230.000000000 0.776448004 0.092066252 0.092066252 1.554257214
48240.000000000 0.801804695 0.090089774 0.090089774 1.520890437
48250.000000000 0.816455601 0.092485110 0.092485110 1.558586779
48260.000000000 0.804461776 0.096292830 0.096292830 1.622755618
48270.000000000 0.823137105 0.093289100 0.093289100 1.577661830
48280.000000000 0.786148185 0.097491503 0.097491503 1.648730919
48290.000000000 0.778720996 0.097565493 0.097565493 1.649982201
48300.000000000 0.796138579 0.088357506 0.088357506 1.496871078
48310.000000000 0.797709127 0.088620255 0.088620255 1.501322331
48320.000000000 0.787234125 0.090827225 0.090827225 1.538710773
48330.000000000 0.809104489 0.092704771 0.092704771 1.575981115
48340.000000000 0.783605750 0.090519587 0.090519587 1.538832980
48350.000000000 0.804288937 0.090947382 0.090947382 1.546105488
48360.000000000 0.779598099 100000000000000000000.000000000 0.089746866 1.525696723
48370.000000000 0.795346586 100000000000000000000.000000000 0.092030749 1.564522726
48380.000000000 0.814422219 100000000000000000000.000000000 0.092015677 1.564266515
48390.000000000 0.846172172 100000000000000000000.000000000 0.094238344 1.602051852
48400.000000000 0.881203533 100000000000000000000.000000000 0.098263279 1.670475743
48410.000000000 0.871429760 100000000000000000000.000000000 0.106447535 1.809608097
48420.000000000 0.858970022 100000000000000000000.000000000 0.103549903 1.760348345
48430.000000000 0.794410623 100000000000000000000.000000000 0.107856977 1.833568614
48440.000000000 0.799406212 100000000000000000000.000000000 0.097589016 1.659013274
48450.000000000 0.744418825 100000000000000000000.000000000 0.101678972 1.728542522
48460.000000000 0.747106271 100000000000000000000.000000000 0.105193650 1.788292057
48470.000000000 0.766011343 100000000000000000000.000000000 0.102205984 1.737501723
48480.000000000 0.763842231 100000000000000000000.000000000 0.103180328 1.754065581
48490.000000000 0.761932796 100000000000000000000.000000000 0.095470210 1.622993577
48500.000000000 0.744454114 100000000000000000000.000000000 0.092587711 1.573991079
48510.000000000 0.693728373 100000000000000000000.000000000 0.098242221 1.670117753
48520.000000000 0.718581436 100000000000000000000.000000000 0.101510711 1.725682086
48530.000000000 0.759277670 100000000000000000000.000000000 0.097216977 1.652688615
48540.000000000 0.776340568 100000000000000000000.000000000 0.099409530 1.689962005
48550.000000000 0.729461241 100000000000000000000.000000000 0.101936094 1.732913591
48560.000000000 0.718361610 100000000000000000000.000000000 0.103219276 1.754727693
48570.000000000 0.790429179 100000000000000000000.000000000 0.103056373 1.751958347
48580.000000000 0.783849576 100000000000000000000.000000000 0.105783938 1.798326940
48590.000000000 0.789945641 100000000000000000000.000000000 0.099166358 1.685828081
48600.000000000 0.824529394 100000000000000000000.000000000 0.094716904 1.610187365
48610.000000000 0.862984849 100000000000000000000.000000000 0.096990921 1.648845649
48620.000000000 0.849877930 100000000000000000000.000000000 0.097103859 1.650765606
48630.000000000 0.897438134 100000000000000000000.000000000 0.101556634 1.726462781
48640.000000000 0.932789031 100000000000000000000.000000000 0.103859095 1.765604608
48650.000000000 0.949489604 100000000000000000000.000000000 0.104489006 1.776313104
48660.000000000 0.957379414 100000000000000000000.000000000 0.103375519 1.754340726
48670.000000000 0.939977516 100000000000000000000.000000000 0.099186844 1.683256556
48680.000000000 0.921725406 100000000000000000000.000000000 0.103024258 1.748379637
48690.000000000 0.962435778 100000000000000000000.000000000 0.101149541 1.716564634
48700.000000000 0.899630324 100000000000000000000.000000000 0.102097906 1.732658917
48710.000000000 0.826531030 100000000000000000000.000000000 0.110015900 1.863787542
48720.000000000 0.819095712 100000000000000000000.000000000 0.107857902 1.824042631
48730.000000000 0.802657434 100000000000000000000.000000000 0.102788717 1.738314935
48740.000000000 0.810375392 100000000000000000000.000000000 0.097223884 1.644205073
48750.000000000 0.843979446 100000000000000000000.000000000 0.099292482 1.679188243
48760.000000000 0.854202865 100000000000000000000.000000000 0.098546851 1.660741052
48770.000000000 0.922823759 100000000000000000000.000000000 0.102325958 1.721389051
48780.000000000 0.939715694 100000000000000000000.000000000 0.096200488 1.618342706
48790.000000000 0.956026183 100000000000000000000.000000000 0.095671330 1.609440889
48800.000000000 0.952135786 100000000000000000000.000000000 0.098153671 1.651200319
48810.000000000 0.914516604 100000000000000000000.000000000 0.098067709 1.649754215
48820.000000000 0.963377439 100000000000000000000.000000000 0.093695881 1.576208681
48830.000000000 0.973788597 100000000000000000000.000000000 0.095256338 1.602459633
48840.000000000 0.962853443 100000000000000000000.000000000 0.095213258 1.601734914
48850.000000000 0.981867891 100000000000000000000.000000000 0.094427208 1.588511519
48860.000000000 0.966910534 100000000000000000000.000000000 0.092806349 1.561244442
48870.000000000 0.962069689 100000000000000000000.000000000 0.096235833 1.618937287
48880.000000000 0.909907275 100000000000000000000.000000000 0.094884590 1.596205869
48890.000000000 0.976067280 100000000000000000000.000000000 0.100299090 1.687291850
48900.000000000 1.026597915 100000000000000000000.000000000 0.104299856 1.754595152
48910.000000000 1.019330934 100000000000000000000.000000000 0.107555405 1.809361967
48920.000000000 0.971897804 100000000000000000000.000000000 0.104315682 1.754861389
48930.000000000 1.052433367 100000000000000000000.000000000 0.111927533 1.882912547
48940.000000000 1.125748369 100000000000000000000.000000000 0.112253206 1.888391217
48950.000000000 1.132734169 100000000000000000000.000000000 0.110587029 1.860361780
48960.000000000 1.178364112 100000000000000000000.000000000 0.112704624 1.895985242
48970.000000000 1.212044187 100000000000000000000.000000000 0.107732395 1.812339400
48980.000000000 1.221972173 100000000000000000000.000000000 0.109033630 1.834229560
48990.000000000 1.187730869 100000000000000000000.000000000 0.114268645 1.922296141
49000.000000000 1.161566487 100000000000000000000.000000000 0.105659040 1.777460178
49010.000000000 1.180892839 100000000000000000000.000000000 0.101625220 1.709600822
49020.000000000 1.164500081 100000000000000000000.000000000 0.103113233 1.731565633
49030.000000000 1.192020958 100000000000000000000.000000000 0.097819286 1.642665148
49040.000000000 1.243322012 100000000000000000000.000000000 0.090339788 1.519750462
49050.000000000 1.211971396 100000000000000000000.000000000 0.088322393 1.485812626
49060.000000000 1.196485467 100000000000000000000.000000000 0.089500543 1.505632180
49070.000000000 1.219515986 100000000000000000000.000000000 0.093316005 1.569818177
49080.000000000 1.260146690 100000000000000000000.000000000 0.098606441 1.658817085
49090.000000000 1.193132619 100000000000000000000.000000000 0.098551721 1.657896560
49100.000000000 1.172656267 100000000000000000000.000000000 0.101472678 1.707034666
49110.000000000 1.209465557 100000000000000000000.000000000 0.099050767 1.666291816
49120.000000000 1.177749890 100000000000000000000.000000000 0.102210722 1.719450483
49130.000000000 1.164632023 100000000000000000000.000000000 0.102310610 1.718087304
49140.000000000 1.197972046 100000000000000000000.000000000 0.108176120 1.813362203
49150.000000000 1.227499879 100000000000000000000.000000000 0.107572412 1.803242219
49160.000000000 1.134670110 100000000000000000000.000000000 0.100666943 1.687485468
49170.000000000 1.095173179 100000000000000000000.000000000 0.102023384 1.710223558
49180.000000000 1.108463207 100000000000000000000.000000000 0.097796105 1.639361455
49190.000000000 1.101259968 100000000000000000000.000000000 0.102296853 1.714807730
49200.000000000 1.070596110 100000000000000000000.000000000 0.095877180 1.607194412
49210.000000000 1.123245022 100000000000000000000.000000000 0.093358685 1.564976734
49220.000000000 1.044156379 100000000000000000000.000000000 0.096940144 1.625012927
49230.000000000 1.011858341 100000000000000000000.000000000 0.095944955 1.608330515
49240.000000000 1.047260911 100000000000000000000.000000000 0.104762764 1.756143927
49250.000000000 1.014386523 100000000000000000000.000000000 0.101752253 1.708710887
49260.000000000 0.964748938 100000000000000000000.000000000 0.097113544 1.630813718
49270.000000000 0.911568376 100000000000000000000.000000000 0.093642533 1.572525538
49280.000000000 0.920365248 100000000000000000000.000000000 0.089647900 1.505444245
49290.000000000 0.893500717 100000000000000000000.000000000 0.096129995 1.614297123
49300.000000000 0.957295580 100000000000000000000.000000000 0.092268212 1.549446767
49310.000000000 0.985090975 100000000000000000000.000000000 0.091769149 1.541066062
49320.000000000 0.969438190 100000000000000000000.000000000 0.096997949 1.628872547
49330.000000000 0.917164296 100000000000000000000.000000000 0.099550891 1.671743744
49340.000000000 0.892004258 100000000000000000000.000000000 0.102356747 1.718862074
49350.000000000 0.875492506 100000000000000000000.000000000 0.100096062 1.680898710
49360.000000000 0.877763615 100000000000000000000.000000000 0.097950090 1.647775560
49370.000000000 0.872762528 100000000000000000000.000000000 0.096953544 1.631011054
49380.000000000 0.843619402 100000000000000000000.000000000 0.099562999 1.674908889
49390.000000000 0.712372540 100000000000000000000.000000000 0.102138792 1.718240439
49400.000000000 0.767443244 100000000000000000000.000000000 0.102156591 1.718539862
49410.000000000 0.711746430 100000000000000000000.000000000 0.107466478 1.807865991
49420.000000000 0.765009803 100000000000000000000.000000000 0.106937302 1.798963871
49430.000000000 0.792000132 100000000000000000000.000000000 0.112101654 1.885841722
49440.000000000 0.814919523 100000000000000000000.000000000 0.113362160 1.907046700
49450.000000000 0.856937385 100000000000000000000.000000000 0.105364778 1.772509925
49460.000000000 0.828523600 100000000000000000000.000000000 0.100126610 1.681411708
49470.000000000 0.900678453 100000000000000000000.000000000 0.103134380 1.731920754
49480.000000000 0.918418349 100000000000000000000.000000000 0.108948952 1.829564022
49490.000000000 0.905729971 100000000000000000000.000000000 0.110022580 1.847593295
49500.000000000 0.961300264 100000000000000000000.000000000 0.107335084 1.802462575
49510.000000000 1.020258911 100000000000000000000.000000000 0.109570732 1.840005481
49520.000000000 1.046408053 100000000000000000000.000000000 0.107018293 1.797142740
49530.000000000 1.132214975 100000000000000000000.000000000 0.106954754 1.796075748
49540.000000000 1.186288977 100000000000000000000.000000000 0.101694874 1.710772579
49550.000000000 1.136687252 100000000000000000000.000000000 0.103188881 1.735905666
49560.000000000 1.181071565 100000000000000000000.000000000 0.104081470 1.750921344
49570.000000000 1.144444544 100000000000000000000.000000000 0.115246167 1.938740620
49580.000000000 1.099025049 100000000000000000000.000000000 0.114166602 1.920579510
49590.000000000 1.055467990 100000000000000000000.000000000 0.115776073 1.947655010
49600.000000000 1.023609518 100000000000000000000.000000000 0.113948958 1.910132602
49610.000000000 0.995518495 100000000000000000000.000000000 0.110898467 1.858997051
49620.000000000 0.999600718 100000000000000000000.000000000 0.106960007 1.792976434
49630.000000000 1.042359430 100000000000000000000.000000000 0.104125230 1.745456910
49640.000000000 1.059325512 100000000000000000000.000000000 0.104619481 1.753742068
49650.000000000 1.084714541 100000000000000000000.000000000 0.101212032 1.696622818
49660.000000000 1.030442836 100000000000000000000.000000000 0.101886541 1.707929648
49670.000000000 0.980246051 100000000000000000000.000000000 0.103570221 1.736153269
49680.000000000 0.912148999 0.098493812 0.098493812 1.651057154
49690.000000000 0.917452319 0.103710154 0.103710154 1.738498981
49700.000000000 0.888768575 0.100994701 0.100994701 1.692979684
49710.000000000 0.837441796 0.107455041 0.107455041 1.801274714
49720.000000000 0.818481127 0.109791523 0.109791523 1.840441291
49730.000000000 0.854148086 0.108099252 0.108099252 1.812073660
49740.000000000 0.877701989 0.111158584 0.111158584 1.863357417
49750.000000000 0.867149062 0.104839884 0.104839884 1.757436693
49760.000000000 0.958500064 0.108724728 0.108724728 1.822558550
49770.000000000 1.027919195 0.109896410 0.109896410 1.842199517
49780.000000000 1.079988057 0.114478769 0.114478769 1.919013859
49790.000000000 1.116160874 0.111157353 0.111157353 1.860018271
49800.000000000 1.087793031 0.117197041 0.117197041 1.961081593
49810.000000000 1.120155860 0.117287794 0.117287794 1.959092407
49820.000000000 1.070982230 0.115400556 0.115400556 1.927569311
49830.000000000 1.039062426 0.115864418 0.115864418 1.935317330
49840.000000000 0.977642752 0.114432805 0.114432805 1.911404678
49850.000000000 0.883427057 0.114084222 0.114084222 1.905582197
49860.000000000 0.877170174 0.114688078 0.114688078 1.915668584
49870.000000000 0.857020871 0.110185255 0.110185255 1.840456610
49880.000000000 0.826139424 0.113826216 0.113826216 1.901272648
49890.000000000 0.823603092 0.110786391 0.110786391 1.847178277
49900.000000000 0.922785963 0.102597305 0.102597305 1.710638925
49910.000000000 0.948188558 0.101231048 0.101231048 1.687858864
49920.000000000 0.876564022 0.101593680 0.101593680 1.690855812
49930.000000000 0.869428500 0.109618489 0.109618489 1.824415262
49940.000000000 0.873793839 0.118183110 0.118183110 1.966958957
49950.000000000 0.841087953 0.110477951 0.110477951 1.838719553
49960.000000000 0.832829976 0.114212563 0.114212563 1.897441599
49970.000000000 0.827065958 0.113079295 0.113079295 1.878614346
49980.000000000 0.914282697 0.116075598 0.116075598 1.928392657
49990.000000000 0.899715175 0.113324355 0.113324355 1.875851850
50000.000000000 0.852529089 0.112060755 0.112060755 1.854935554
50010.000000000 0.904743146 0.114438790 0.114438790 1.894299039
50020.000000000 0.842553173 0.115632977 0.115632977 1.914066344
50030.000000000 0.844868054 0.121281597 0.121281597 2.007567651
50040.000000000 0.831214419 0.118328477 0.118328477 1.958684807
50050.000000000 0.825893698 0.117312066 0.117312066 1.938313443
50060.000000000 0.795658355 0.110340473 0.110340473 1.823123820
50070.000000000 0.823110434 0.104978671 0.104978671 1.734532304
50080.000000000 0.835168449 0.106744891 0.106744891 1.763715047
50090.000000000 0.834092384 0.110875859 0.110875859 1.831969853
50100.000000000 0.827364521 0.112996938 0.112996938 1.867015825
50110.000000000 0.819171287 0.109173512 0.109173512 1.803842463
50120.000000000 0.806908369 0.117738242 0.117738242 1.938216079
50130.000000000 0.792118263 0.115045006 0.115045006 1.893879828
50140.000000000 0.784678223 0.108650667 0.108650667 1.785312632
50150.000000000 0.746134267 0.107317329 0.107317329 1.760135067
50160.000000000 0.788967673 0.109630001 0.109630001 1.798065710
50170.000000000 0.766114642 0.114526672 0.114526672 1.878377085
50180.000000000 0.806314760 0.117679650 0.117679650 1.930089759
50190.000000000 0.825554423 0.122658842 0.122658842 2.008011784
50200.000000000 0.786155950 0.127840168 0.127840168 2.085010039
50210.000000000 0.770555904 0.123515299 0.123515299 2.014473568
50220.000000000 0.737919754 0.116965349 0.116965349 1.907647109
50230.000000000 0.733313400 0.117519164 0.117519164 1.916679566
50240.000000000 0.771397492 0.121744295 0.121744295 1.985589367
50250.000000000 0.767585080 0.125555524 0.125555524 2.047748624
50260.000000000 0.842348690 0.126361015 0.126361015 2.060885781
50270.000000000 0.939058942 0.116432299 0.116432299 1.898953322
50280.000000000 0.969066883 0.109209170 0.109209170 1.781147653
50290.000000000 1.094521471 0.120601231 0.120601231 1.963245804
50300.000000000 1.101887590 0.118971518 0.118971518 1.936715993
50310.000000000 1.158018526 0.127051235 0.127051235 2.068244267
50320.000000000 1.140821472 0.138839102 0.138839102 2.255868386
50330.000000000 1.155098556 0.135956667 0.135956667 2.204846626
50340.000000000 1.164301691 0.129646300 0.129646300 2.102509663
50350.000000000 1.201709871 0.127196296 0.127196296 2.062777285
50360.000000000 1.217560597 0.138477288 0.138477288 2.245724227
50370.000000000 1.225425383 0.130755689 0.130755689 2.120500931
50380.000000000 1.195058951 0.133216024 0.133216024 2.160400866
50390.000000000 1.249748450 0.133940438 0.133940438 2.172148883
50400.000000000 1.273855072 0.131239300 0.131239300 2.120235779
50410.000000000 1.312824290 0.119702769 0.119702769 1.933857423
50420.000000000 1.219304901 0.120456936 0.120456936 1.946041365
50430.000000000 1.195634526 0.116642766 0.116642766 1.884421550
50440.000000000 1.186267078 0.115862362 0.115862362 1.871813736
50450.000000000 1.115936822 0.107938201 0.107938201 1.743795010
50460.000000000 1.116254153 0.105058281 0.105058281 1.697268476
50470.000000000 1.089143430 0.114267766 0.114267766 1.846052258
50480.000000000 1.114121792 0.118940700 0.118940700 1.921545812
50490.000000000 1.120553424 0.119467534 0.119467534 1.930057080
50500.000000000 1.148400359 0.110493381 0.110493381 1.785075199
50510.000000000 1.083619597 0.108829041 0.108829041 1.758186963
50520.000000000 1.046286734 0.109990055 0.109990055 1.773536346
50530.000000000 1.080370549 0.107286727 0.107286727 1.723280014
50540.000000000 1.103618552 0.105044757 0.105044757 1.687268630
50550.000000000 1.114289634 0.107503730 0.107503730 1.726765583
50560.000000000 1.027333188 0.098929196 0.098929196 1.589038183
50570.000000000 0.959661046 0.100957323 0.100957323 1.615317172
50580.000000000 0.918497752 0.103954488 0.103954488 1.663271810
50590.000000000 1.056703118 0.112595777 0.112595777 1.801532438
50600.000000000 1.041175704 0.122513238 0.122513238 1.952539711
50610.000000000 0.964957179 0.126650543 0.126650543 2.018477501
50620.000000000 1.036470326 0.131000767 0.131000767 2.083694755
50630.000000000 0.964297035 0.128848376 0.128848376 2.049458879
50640.000000000 0.973821998 0.130234606 0.130234606 2.067410282
50650.000000000 0.974695412 0.130669144 0.130669144 2.074308353
50660.000000000 0.939960433 0.132887017 0.132887017 2.109516002
50670.000000000 0.978877211 0.140639169 0.140639169 2.232577588
50680.000000000 0.964378119 0.138161482 0.138161482 2.193245533
50690.000000000 0.981335526 0.134811296 0.134811296 2.140062984
50700.000000000 0.945484358 0.127061408 0.127061408 2.017037328
50710.000000000 1.038176570 0.123286030 0.123286030 1.957105049
50720.000000000 1.099780623 0.122978244 0.122978244 1.952219108
50730.000000000 1.058502436 0.122190764 0.122190764 1.939718246
50740.000000000 1.083649043 0.139684479 0.139684479 2.208605543
50750.000000000 1.023563394 0.129425754 0.129425754 2.042303944
50760.000000000 0.983096753 0.132277513 0.132277513 2.087303953
50770.000000000 1.077879808 0.123756340 0.123756340 1.952842109
50780.000000000 1.169794142 0.120783702 0.120783702 1.905934675
50790.000000000 1.249517108 0.124067210 0.124067210 1.957747546
50800.000000000 1.295389959 0.126958467 0.126958467 1.999343943
50810.000000000 1.294819426 0.127535700 0.127535700 2.008434207
50820.000000000 1.308072989 0.132733576 0.132733576 2.094500497
50830.000000000 1.265329824 0.138658794 0.138658794 2.187998867
50840.000000000 1.222673052 0.140046372 0.140046372 2.209894473
50850.000000000 1.161191878 0.136806714 0.136806714 2.154434294
50860.000000000 1.178454042 0.124597693 0.124597693 1.962166434
50870.000000000 1.104965936 0.136012955 0.136012955 2.141934162
50880.000000000 1.178526314 0.125433793 0.125433793 1.967352170
50890.000000000 1.117400238 0.125756020 0.125756020 1.972406106
50900.000000000 1.043203206 0.122471979 0.122471979 1.920897932
50910.000000000 1.027922318 0.114181005 0.114181005 1.790859080
50920.000000000 0.930606165 0.111514460 0.111514460 1.749035965
50930.000000000 0.914242012 0.111395652 0.111395652 1.747172525
50940.000000000 0.881214220 0.115288983 0.115288983 1.808237048
50950.000000000 0.801389334 0.122951096 0.122951096 1.924489059
50960.000000000 0.803177260 0.118314644 0.118314644 1.851917104
50970.000000000 0.842595214 0.124992213 0.124992213 1.956437592
50980.000000000 0.815366991 0.127134625 0.127134625 1.989971646
50990.000000000 0.769645432 0.132366350 0.132366350 2.071861099
51000.000000000 0.778494843 0.132845554 0.132845554 2.079361827
51010.000000000 0.831796166 0.125629442 0.125629442 1.966411800
51020.000000000 0.818542684 0.125568473 0.125568473 1.961442256
51030.000000000 0.845164025 0.125095806 0.125095806 1.954058955
51040.000000000 0.884913557 0.122926036 0.122926036 1.916227263
51050.000000000 1.024346652 0.118162292 0.118162292 1.841967834
51060.000000000 1.103835831 0.111364615 0.111364615 1.736002549
51070.000000000 1.131321047 0.112381962 0.112381962 1.751861417
51080.000000000 1.137389950 0.109943599 0.109943599 1.713851094
51090.000000000 1.219528818 0.118607732 0.118607732 1.845103296
51100.000000000 1.183188342 0.118214813 0.118214813 1.838990916
51110.000000000 1.093048554 0.119726165 0.119726165 1.858649897
51120.000000000 1.208815104 0.112532527 0.112532527 1.746974611
51130.000000000 1.069404445 0.119513787 0.119513787 1.855352915
51140.000000000 1.070983718 0.124841039 0.124841039 1.942070801
51150.000000000 1.014453701 0.129743390 0.129743390 2.018333485
51160.000000000 1.112960596 0.132753132 0.132753132 2.065154073
51170.000000000 1.131948316 0.133339625 0.133339625 2.074277773
51180.000000000 1.110464601 0.149606992 0.149606992 2.327338612
51190.000000000 1.114215510 0.151108751 0.151108751 2.350700494
51200.000000000 1.032610435 0.143528371 0.143528371 2.228159512
51210.000000000 1.103046971 0.146446037 0.146446037 2.273453861
51220.000000000 1.150547396 0.150855467 0.150855467 2.337042844
51230.000000000 1.123195518 0.150244462 0.150244462 2.327577201
51240.000000000 1.075113617 0.138248459 0.138248459 2.137269313
51250.000000000 1.033824505 0.137690175 0.137690175 2.128638451
51260.000000000 1.027829681 0.137518409 0.137518409 2.125983010
51270.000000000 1.065208562 0.134323358 0.134323358 2.076588726
51280.000000000 0.997161523 0.131829181 0.131829181 2.038029687
51290.000000000 0.972493344 0.134294534 0.134294534 2.076143110
51300.000000000 0.915446700 0.130756332 0.130756332 2.021443839
51310.000000000 0.959154597 0.136337878 0.136337878 2.107732441
51320.000000000 0.931903976 0.137243687 0.137243687 2.121735907
51330.000000000 1.011812186 0.138759238 0.138759238 2.145165756
51340.000000000 0.958930489 0.138637823 0.138637823 2.143288734
51350.000000000 0.876096555 0.138605587 0.138605587 2.142790376
51360.000000000 0.887442669 0.152572101 0.152572101 2.358707438
51370.000000000 0.959273844 0.148439380 0.148439380 2.294817118
51380.000000000 0.964399654 0.159449118 0.159449118 2.465023540
51390.000000000 0.921370290 0.154483442 0.154483442 2.388256062
51400.000000000 0.875113918 0.146558236 0.146558236 2.265735347
51410.000000000 0.842406446 0.150203695 0.150203695 2.322092773
51420.000000000 0.786302391 0.139338428 0.139338428 2.154119828
51430.000000000 0.807127264 0.142939564 0.142939564 2.209792030
51440.000000000 0.776285641 0.146893746 0.146893746 2.270922199
51450.000000000 0.763319078 0.153655727 0.153655727 2.370485102
51460.000000000 0.803811637 0.142017081 0.142017081 2.190932810
51470.000000000 0.770207188 0.137973727 0.137973727 2.128554989
51480.000000000 0.800076062 0.133519785 0.133519785 2.055510957
51490.000000000 0.826173009 0.127516915 0.127516915 1.963097959
51500.000000000 0.834099277 0.127544943 0.127544943 1.959382587
51510.000000000 0.870423289 0.129118256 0.129118256 1.979345382
51520.000000000 0.948651680 0.126183435 0.126183435 1.938466715
51530.000000000 0.936746327 0.135138189 0.135138189 2.076032248
51540.000000000 0.910533309 0.132084859 0.132084859 2.029126113
51550.000000000 0.957188396 0.122981032 0.122981032 1.889270459
51560.000000000 0.931774613 0.110171663 0.110171663 1.692489195
51570.000000000 0.872078739 0.118608319 0.118608319 1.822095564
51580.000000000 0.848641005 0.123621507 0.123621507 1.899109623
51590.000000000 0.856121561 0.121980197 0.121980197 1.869921013
51600.000000000 0.965852462 0.130942021 0.130942021 2.003027757
51610.000000000 1.008389392 0.124798967 0.124798967 1.909057097
51620.000000000 1.028429848 0.137841133 0.137841133 2.108563883
51630.000000000 1.054024697 0.143111396 0.143111396 2.189183407
51640.000000000 1.071938763 0.145680549 0.145680549 2.228483889
51650.000000000 1.085854560 0.148830803 0.148830803 2.276673512
51660.000000000 1.088869079 0.145392226 0.145392226 2.224073389
51670.000000000 1.147992136 0.140394990 0.140394990 2.147630379
51680.000000000 1.035817843 0.140665313 0.140665313 2.147162813
51690.000000000 1.115025231 0.141789195 0.141789195 2.159668670
51700.000000000 1.100944807 0.137606086 0.137606086 2.091431446
51710.000000000 1.160325300 0.129830240 0.129830240 1.973248805
51720.000000000 1.146794617 0.132247912 0.132247912 2.005638886
51730.000000000 1.178857338 0.135923806 0.135923806 2.061386577
51740.000000000 1.183530719 0.137053305 0.137053305 2.078516283
51750.000000000 1.133494433 0.127318385 0.127318385 1.930878913
51760.000000000 1.163054476 0.132613186 0.132613186 2.011178539
51770.000000000 1.249314303 0.122681461 0.122681461 1.860556470
51780.000000000 1.203102657 0.124103352 0.124103352 1.882120514
51790.000000000 1.150181745 0.133395186 0.133395186 2.018635454
51800.000000000 1.144980514 0.142615873 0.142615873 2.158169773
51810.000000000 1.145416382 0.152596977 0.152596977 2.309211289
51820.000000000 1.134277355 0.159304093 0.159304093 2.410708364
51830.000000000 1.053452576 0.166648979 0.166648979 2.516344400
51840.000000000 1.000809312 0.158079666 0.158079666 2.386950607
51850.000000000 0.974555894 0.147010333 0.147010333 2.219807355
51860.000000000 1.016343076 0.143679384 0.143679384 2.164748200
51870.000000000 1.052439876 0.142888865 0.142888865 2.152837831
51880.000000000 1.125393297 0.141744065 0.141744065 2.135589680
51890.000000000 1.034100972 0.155706506 0.155706506 2.345955051
51900.000000000 0.968775574 0.152506529 0.152506529 2.297742539
51910.000000000 0.933603177 0.147826360 0.147826360 2.227228690
51920.000000000 0.921317919 0.139765201 0.139765201 2.105775075
51930.000000000 1.067982475 0.141117137 0.141117137 2.121455745
51940.000000000 1.026837626 0.134253941 0.134253941 2.018279280
51950.000000000 0.992243869 0.148220674 0.148220674 2.228245317
51960.000000000 0.995112666 0.148157531 0.148157531 2.227296081
51970.000000000 0.965504319 0.156723928 0.156723928 2.356077261
51980.000000000 0.937420259 0.152399584 0.152399584 2.291068116
51990.000000000 0.968448186 0.149997125 0.149997125 2.254951242
52000.000000000 0.945920613 0.149969744 0.149969744 2.254539607
52010.000000000 1.056556935 0.150377523 0.150377523 2.255662845
52020.000000000 1.039878255 0.155563283 0.155563283 2.333449244
52030.000000000 1.018174359 0.151905280 0.151905280 2.278579193
52040.000000000 0.973321814 0.145725526 0.145725526 2.185882889
52050.000000000 1.058204579 0.137184779 0.137184779 2.053193763
52060.000000000 1.191056737 0.126155217 0.126155217 1.883899129
52070.000000000 1.142354827 0.124253039 0.124253039 1.851328583
52080.000000000 1.152923459 0.117322224 0.117322224 1.748061773
52090.000000000 1.202592635 0.120083788 0.120083788 1.785173845
52100.000000000 1.215975804 0.121432101 0.121432101 1.805217957
52110.000000000 1.177217575 0.132241145 0.132241145 1.965905949
52120.000000000 1.197356603 0.132753366 0.132753366 1.969050625
52130.000000000 1.209693285 0.135993908 0.135993908 2.012526057
52140.000000000 1.148233575 0.134531127 0.134531127 1.990878870
52150.000000000 1.102683487 0.134181627 0.134181627 1.981167985
52160.000000000 1.075435635 0.133724556 0.133724556 1.974419414
52170.000000000 1.027809398 0.142414615 0.142414615 2.102726589
52180.000000000 1.112274554 0.149602830 0.149602830 2.208859307
52190.000000000 1.207807043 0.141395552 0.141395552 2.087680308
52200.000000000 1.176014459 0.134800448 0.134800448 1.994864462
52210.000000000 1.254299953 0.127071031 0.127071031 1.880479538
52220.000000000 1.223187003 0.124072136 0.124072136 1.836099940
52230.000000000 1.259754158 0.120775591 0.120775591 1.787315528
52240.000000000 1.163221266 0.124914896 0.124914896 1.848571647
52250.000000000 1.129688698 0.126286217 0.126286217 1.868865350
52260.000000000 1.089385881 0.140048056 0.140048056 2.072521971
52270.000000000 1.110023862 0.139624188 0.139624188 2.066249292
52280.000000000 1.157450534 0.139597791 0.139597791 2.065858658
52290.000000000 1.140673748 0.136394506 0.136394506 2.018454364
52300.000000000 1.118976250 0.130667026 0.130667026 1.933695399
52310.000000000 1.096598657 0.129451557 0.129451557 1.915708096
52320.000000000 1.111089955 0.136436051 0.136436051 2.023673670
52330.000000000 1.130974489 0.138076295 0.138076295 2.048002426
52340.000000000 1.229349914 0.140734279 0.140734279 2.082677146
52350.000000000 1.186510635 0.145085636 0.145085636 2.142163739
52360.000000000 1.180968033 0.139876757 0.139876757 2.065255571
52370.000000000 1.237586438 0.135049431 0.135049431 1.993980960
52380.000000000 1.299712475 0.135606690 0.135606690 1.997611278
52390.000000000 1.124782693 0.138563882 0.138563882 2.041173439
52400.000000000 1.254375108 0.135622542 0.135622542 1.997844799
52410.000000000 1.284890109 0.142840059 0.142840059 2.104165457
52420.000000000 1.144057937 0.152526005 0.152526005 2.246848362
52430.000000000 1.145393183 0.141305964 0.141305964 2.081566832
52440.000000000 1.150509906 0.140248126 0.140248126 2.065983902
52450.000000000 1.175724589 0.152113895 0.152113895 2.240777598
52460.000000000 1.240746980 0.167729461 0.167729461 2.470809249
52470.000000000 1.175965274 0.172483360 0.172483360 2.540838558
52480.000000000 1.159200678 0.168751867 0.168751867 2.485870236
52490.000000000 1.142095652 0.172282548 0.172282548 2.537880411
52500.000000000 1.234035244 0.170457897 0.170457897 2.511001628
52510.000000000 1.304536123 0.172208240 0.172208240 2.536785777
52520.000000000 1.351128926 0.157599099 0.157599099 2.321579702
52530.000000000 1.410717577 0.163519763 0.163519763 2.403239900
52540.000000000 1.494575341 0.166354551 0.166354551 2.450555566
52550.000000000 1.579396188 0.166504337 0.166504337 2.452762042
52560.000000000 1.465238557 0.160041362 0.160041362 2.357556483
52570.000000000 1.283376083 0.155458035 0.155458035 2.290039862
52580.000000000 1.315618915 0.150742233 0.150742233 2.215449316
52590.000000000 1.206874352 0.142972054 0.142972054 2.101251484
52600.000000000 1.261039833 0.140118540 0.140118540 2.059313557
52610.000000000 1.197622382 0.148402794 0.148402794 2.181066729
52620.000000000 1.243656529 0.158310728 0.158310728 2.326683033
52630.000000000 1.335113002 0.157407569 0.157407569 2.308048021
52640.000000000 1.206290085 0.151808782 0.151808782 2.220771024
52650.000000000 1.183838718 0.161919756 0.161919756 2.357587238
52660.000000000 1.055360904 0.156683301 0.156683301 2.281343296
52670.000000000 0.953071505 0.153539850 0.153539850 2.235573959
52680.000000000 1.017225153 0.156555490 0.156555490 2.279482337
52690.000000000 1.036600425 0.153020056 0.153020056 2.228005646
52700.000000000 0.955771748 0.148830641 0.148830641 2.167006850
52710.000000000 0.939396208 0.156057260 0.156057260 2.272228007
52720.000000000 1.009881438 0.153199478 0.153199478 2.230618063
52730.000000000 1.025347667 0.154577557 0.154577557 2.250683204
52740.000000000 0.929096448 0.153390527 0.153390527 2.233399791
52750.000000000 0.898353620 0.159479634 0.159479634 2.322058527
52760.000000000 0.886988827 0.156269992 0.156269992 2.275325431
52770.000000000 0.961853852 0.153679257 0.153679257 2.237603763
52780.000000000 1.060288699 0.154290512 0.154290512 2.246503761
52790.000000000 1.128948127 0.156300675 0.156300675 2.270398446
52800.000000000 1.085862741 0.155218796 0.155218796 2.254683244
52810.000000000 1.123157128 0.152409021 0.152409021 2.213868914
52820.000000000 1.158295246 0.154747328 0.154747328 2.247834775
52830.000000000 1.231920062 0.150319975 0.150319975 2.178343389
52840.000000000 1.089984248 0.159827905 0.159827905 2.316126381
52850.000000000 1.041586395 0.153143837 0.153143837 2.213974764
52860.000000000 1.035354401 0.165849996 0.165849996 2.397665576
52870.000000000 1.054017637 0.160531101 0.160531101 2.315212464
52880.000000000 1.026253069 0.157128144 0.157128144 2.266134315
52890.000000000 1.041479616 0.160327818 0.160327818 2.312280680
52900.000000000 0.929159472 0.168335805 0.168335805 2.427773508
52910.000000000 1.005945885 0.169938084 0.169938084 2.439070348
52920.000000000 1.115307705 0.159651030 0.159651030 2.291423348
52930.000000000 1.052239609 0.160582598 0.160582598 2.304793867
52940.000000000 1.047600960 0.170254404 0.170254404 2.443610395
52950.000000000 0.982793921 0.165191848 0.165191848 2.370949045
52960.000000000 0.983003955 0.163203192 0.163203192 2.342406468
52970.000000000 1.025219807 0.173246421 0.173246421 2.486553920
52980.000000000 1.050923177 0.163452553 0.163452553 2.345985478
52990.000000000 1.182285890 0.183712890 0.183712890 2.630368286
